-- phpMyAdmin SQL Dump
-- version 3.4.8
-- http://www.phpmyadmin.net
--
-- 主机: localhost
-- 生成日期: 2014 年 01 月 19 日 11:37
-- 服务器版本: 5.5.28
-- PHP 版本: 5.5.7

SET SQL_MODE="NO_AUTO_VALUE_ON_ZERO";
SET time_zone = "+00:00";


/*!40101 SET @OLD_CHARACTER_SET_CLIENT=@@CHARACTER_SET_CLIENT */;
/*!40101 SET @OLD_CHARACTER_SET_RESULTS=@@CHARACTER_SET_RESULTS */;
/*!40101 SET @OLD_COLLATION_CONNECTION=@@COLLATION_CONNECTION */;
/*!40101 SET NAMES utf8 */;

--
-- 数据库: `website`
--

-- --------------------------------------------------------

--
-- 表的结构 `activity`
--

CREATE TABLE IF NOT EXISTS `activity` (
  `id` int(10) NOT NULL AUTO_INCREMENT,
  `name` char(30) NOT NULL,
  `status` tinyint(4) NOT NULL DEFAULT '0' COMMENT '0 关闭； 1 开启； 2 删除',
  PRIMARY KEY (`id`)
) ENGINE=InnoDB  DEFAULT CHARSET=utf8 AUTO_INCREMENT=3 ;

--
-- 转存表中的数据 `activity`
--

INSERT INTO `activity` (`id`, `name`, `status`) VALUES
(1, '2013年第三届年终爆米花盛典', 1),
(2, '2013年终爆米花盛典2', 2);

-- --------------------------------------------------------

--
-- 表的结构 `apply`
--

CREATE TABLE IF NOT EXISTS `apply` (
  `id` int(10) NOT NULL AUTO_INCREMENT,
  `activity_id` int(10) NOT NULL,
  `code` char(10) NOT NULL COMMENT '验证码',
  `uid` int(10) NOT NULL COMMENT '论坛uid',
  `miid` int(10) NOT NULL COMMENT '米聊号',
  `nickname` char(20) NOT NULL,
  `phone` char(20) NOT NULL,
  `sign_dateline` int(10) NOT NULL DEFAULT '0' COMMENT '签到时间，0表示未签到',
  `sign_off_dateline` int(10) NOT NULL DEFAULT '0' COMMENT '签退时间，0表示未签退',
  `status` tinyint(4) NOT NULL DEFAULT '0' COMMENT '0 未中间 1 中奖未领奖 2 已经领奖',
  PRIMARY KEY (`id`),
  UNIQUE KEY `code` (`activity_id`,`code`),
  KEY `status` (`status`),
  KEY `activity_id` (`activity_id`)
) ENGINE=InnoDB  DEFAULT CHARSET=utf8 AUTO_INCREMENT=929 ;

--
-- 转存表中的数据 `apply`
--

INSERT INTO `apply` (`id`, `activity_id`, `code`, `uid`, `miid`, `nickname`, `phone`, `sign_dateline`, `sign_off_dateline`, `status`) VALUES
(1, 1, '60597', 407918, 4347181, '大李', '', 0, 0, 0),
(2, 1, '60682', 47104971, 47104971, '陆柒柒', '', 1388123476, 0, 0),
(3, 1, '60705', 40184488, 40184488, 'keven207', '13716547328', 1388124302, 0, 0),
(4, 1, '60801', 2699294, 723677, 'xvo', '13652006063', 1388123166, 0, 2),
(5, 1, '60921', 78823456, 78823456, '中国郝胖子', '15076105552', 1388123130, 0, 0),
(6, 1, '61026', 2471651, 9288283, '陶格~', '13810589504', 1388126636, 0, 0),
(7, 1, '61163', 24843040, 24843040, '金脚丫', '15855629161', 1388119719, 0, 0),
(8, 1, '61282', 128870508, 128870508, '刚哥898', '13051859923', 1388123952, 0, 0),
(9, 1, '61351', 165045055, 165045055, '移动VIP大客户', '15201021580', 1388124102, 0, 0),
(10, 1, '61457', 22902406, 22902406, 'Johnson.sun', '13188006236', 1388121779, 0, 2),
(11, 1, '61546', 162439215, 162439215, '米东阳', '18201614896', 1388124515, 0, 0),
(12, 1, '61644', 157913258, 157913258, '大神寂寞', '13466372601', 1388123940, 0, 0),
(13, 1, '61775', 54297921, 54297921, '征服天堂000', '15652931281', 1388124296, 0, 0),
(14, 1, '61817', 2346858, 9034765, '小雷妹妹', '13816443200', 1388120118, 0, 0),
(15, 1, '61984', 153027431, 153027431, '白墨001', '13146948539', 1388123755, 0, 0),
(16, 1, '62035', 2805848, 10276128, '梦想与理想', '13681386110', 1388124384, 0, 0),
(17, 1, '62101', 32640891, 32640891, 'Ｍā、先森', '15662625158', 1388120464, 0, 0),
(18, 1, '62293', 2774401, 10187160, '落叶的根', '13602093348', 1388123278, 0, 0),
(19, 1, '62326', 34553282, 34553282, '0413影子', '18804135654', 1388120829, 0, 1),
(20, 1, '62414', 2814196, 10316188, '东方拂晓', '13661334294', 1388121925, 0, 0),
(21, 1, '62574', 91100455, 91100455, '小思5210', '18504515771', 1388123685, 0, 1),
(22, 1, '62646', 102946017, 102946017, 'bangwo', '13231922222', 1388123385, 0, 1),
(23, 1, '62777', 268634, 3449043, '大男人〃', '15159808416', 1388119631, 0, 0),
(24, 1, '62806', 81264, 3497017, '小新ee', '13717559357', 1388123686, 0, 0),
(25, 1, '62905', 2701915, 10033122, '炻頭峸', '13401038193', 1388124202, 0, 0),
(26, 1, '63072', 27766930, 27766930, '胡洛兵', '18610988707', 1388120473, 0, 2),
(27, 1, '63187', 30776398, 30776398, '幸运的富强', '13522271624', 1388123028, 0, 0),
(28, 1, '63209', 102496592, 102496592, '慕凌枫', '13716479980', 1388123437, 0, 0),
(29, 1, '63372', 41182515, 41182515, '火柴盒psp', '13810366161', 1388123921, 0, 0),
(30, 1, '63481', 24962071, 24962071, '☆小法★', '13581686984', 1388124490, 0, 0),
(31, 1, '63522', 22794136, 22794136, '董文治', '18722321586', 1388123602, 0, 0),
(32, 1, '63637', 177366021, 177366021, '碟牛', '13911761331', 1388123868, 0, 0),
(33, 1, '63763', 716095, 6650679, '木头的米', '18681810858', 1388123231, 0, 0),
(34, 1, '63846', 145189238, 145189238, '筱箐莜', '13703291857', 1388120513, 0, 1),
(35, 1, '63997', 23702623, 23702623, '深蓝忧伤', '15004608042', 1388122963, 0, 0),
(36, 1, '64031', 3729742, 3729742, 'ww138611', '13801018611', 1388123509, 0, 1),
(37, 1, '64164', 117691786, 117691786, '发烧米粒子', '13371753096', 1388123993, 0, 0),
(38, 1, '64264', 2226567, 8680812, '付立祥', '13303262695', 1388123602, 0, 0),
(39, 1, '64371', 539146, 6399359, '笨0小0孩', '18610676362', 1388123429, 0, 0),
(40, 1, '64425', 47942153, 47942153, 'lk0812', '', 1388123763, 0, 0),
(41, 1, '64571', 2209057, 8656986, '九尾Sylar', '13488686366', 1388123918, 0, 0),
(42, 1, '64605', 516739, 6353237, 'onecar', '15640808017', 1388120075, 0, 0),
(43, 1, '64794', 126599929, 126599929, '肉肉香香', '13513162523', 1388123875, 0, 0),
(44, 1, '64811', 23446827, 23446827, '韩艳晶', '13683334430', 1388124418, 0, 0),
(45, 1, '64971', 24382155, 24382155, 'Happy-张路', '18612815111', 1388123183, 0, 0),
(46, 1, '65096', 24004177, 24004177, 'boy521', '13810761463', 1388121947, 0, 0),
(47, 1, '65142', 63192408, 63192408, '黎念', '18710327370', 1388123709, 0, 0),
(48, 1, '65294', 23000155, 23000155, '伊人缘儿', '13100710073', 1388124620, 0, 0),
(49, 1, '65337', 84473692, 84473692, 'qiuruizhong', '15334863155', 1388123520, 0, 0),
(50, 1, '65466', 96958087, 96958087, 'Ann_诠释', '18763399158', 1388123361, 0, 0),
(51, 1, '65551', 30231807, 30231807, 'lilianxi', '13801237971', 1388124249, 0, 0),
(52, 1, '65605', 27790006, 27790006, '如冬的秋', '18612382018', 1388124480, 0, 0),
(53, 1, '65757', 2799342, 10250008, '小米乖哦', '13662179226', 1388123301, 0, 0),
(54, 1, '65847', 29165577, 29165577, '米三年', '13611153860', 1388123420, 0, 0),
(55, 1, '65913', 27275330, 27275330, '哆啦O梦', '15840929042', 1388124018, 0, 0),
(56, 1, '66051', 77360409, 77360409, '莪們dè緈諨', '13715080265', 0, 0, 0),
(57, 1, '66143', 2659085, 4584815, '鹿妖妖', '13701274045', 1388124866, 0, 0),
(58, 1, '66202', 785934, 6744052, 'tomesbili', '18945091551', 1388125525, 0, 0),
(59, 1, '66311', 25522336, 25522336, '小si念', '15033502677', 1388124142, 0, 0),
(60, 1, '66445', 192589535, 192589535, '羽佳821107', '13072004790', 1388123656, 0, 0),
(61, 1, '66574', 24447546, 24447546, 'linda_tang', '13553433766', 1388123541, 0, 0),
(62, 1, '66627', 417657, 4463177, '香菜君', '13472309993', 1388123144, 0, 0),
(63, 1, '66705', 38341299, 38341299, '活得精彩111', '13059555281', 1388124044, 0, 0),
(64, 1, '66872', 468562, 6252971, 'maxiaowen2003', '18810521662', 1388123492, 0, 0),
(65, 1, '66984', 13480250, 13480250, '龙杰TM小米', '13653190267', 1388123388, 0, 2),
(66, 1, '67087', 31161858, 31161858, '施艳妹', '13718712511', 0, 0, 0),
(67, 1, '67152', 55847702, 55847702, 'momo```', '15810486560', 1388123036, 0, 0),
(68, 1, '67236', 30457972, 30457972, '等一片天空', '18631227868', 1388124178, 0, 0),
(69, 1, '67392', 29169878, 29169878, '小宁、', '13127017395', 1388123465, 0, 0),
(70, 1, '67491', 2339452, 9012631, '烟少VS', '13911380046', 1388123734, 0, 0),
(71, 1, '67583', 2920481, 1875946, 'Refine_Zhao', '13681219840', 1388124573, 0, 0),
(72, 1, '67623', 79488893, 79488893, 'whyhxk', '15227808621', 1388123454, 0, 0),
(73, 1, '67772', 126903, 3920407, '随星的风', '', 1388123632, 0, 0),
(74, 1, '67865', 149031570, 149031570, '東方菇凉', '18210090331', 1388119593, 0, 0),
(75, 1, '67967', 37060633, 37060633, 'Mr.乔克', '18704653202', 1388123077, 0, 1),
(76, 1, '68057', 22983873, 22983873, '断罪_花', '18910198757', 1388123491, 0, 0),
(77, 1, '68133', 76544686, 76544686, '1013838883', '15932489979', 1388123151, 0, 0),
(78, 1, '68297', 39397873, 39397873, '老大不迷糊', '15610805190', 1388123829, 0, 0),
(79, 1, '68321', 85723686, 85723686, '小米wll', '13661339185', 1388124330, 0, 0),
(80, 1, '68455', 36007982, 36007982, 'sosocc', '18611298308', 1388124459, 0, 0),
(81, 1, '68566', 27363306, 27363306, '转身、微笑', '15110055805', 1388124007, 0, 0),
(82, 1, '68627', 70425239, 70425239, '2727mi', '18131115981', 1388123200, 0, 0),
(83, 1, '68775', 531943, 6383356, 'yongjiedu', '13811034426', 1388123515, 0, 0),
(84, 1, '68864', 13254198, 13254198, '商海公子', '18695819779', 1388123319, 0, 2),
(85, 1, '68917', 25991251, 25991251, '你的诗', '15831110977', 1388123355, 0, 0),
(86, 1, '69035', 27633092, 27633092, '阿哲哥', '13705911323', 1388119641, 0, 0),
(87, 1, '69127', 1327939, 7426562, '1当当1', '18615541901', 1388123410, 0, 0),
(88, 1, '69244', 39667, 3415053, 'Tony-托尼', '18930130303', 1388119749, 0, 0),
(89, 1, '69362', 165884366, 165884366, '渠洋大叔', '18653848847', 1388123102, 0, 0),
(90, 1, '69423', 45662756, 45662756, '米-飞', '15010541916', 1388123966, 0, 0),
(91, 1, '69574', 93286601, 93286601, '明心5210', '18686899400', 1388123784, 0, 0),
(92, 1, '69641', 2326123, 8977192, 'TFISMYLOVE', '15162153525', 1388123229, 0, 2),
(93, 1, '69714', 87993565, 87993565, '精灵悠悠', '13269082669', 1388123778, 0, 0),
(94, 1, '69887', 106, 115413, '陈一夫', '18626850057', 1388120030, 0, 0),
(95, 1, '69902', 22562613, 22562613, '阿狸的桃子', '18661086153', 1388124318, 0, 0),
(96, 1, '70014', 2817372, 10337212, '仅此而已ˇ', '13751127202', 1388119950, 0, 0),
(97, 1, '70191', 17509361, 17509361, '丠極雪', '13581553057', 1388124357, 0, 0),
(98, 1, '70277', 157343783, 157343783, '黄俊键', '13751919288', 0, 0, 0),
(99, 1, '70322', 25887147, 25887147, 'phantomark', '15010355731', 1388124126, 0, 0),
(100, 1, '70424', 61744528, 61744528, '╰＇二丈春', '15152564495', 1388122990, 0, 0),
(101, 1, '70524', 23495561, 23495561, 'longdian', '18612031256', 1388123737, 0, 2),
(102, 1, '70631', 26292463, 26292463, '小米--轩', '15810849687', 1388123989, 0, 0),
(103, 1, '70784', 2481918, 9309813, 'my米米', '18600547457', 1388123754, 0, 0),
(104, 1, '70896', 28037610, 28037610, '囔囔嘟嘟', '15101070449', 1388124001, 0, 0),
(105, 1, '70974', 41184243, 41184243, '入手了', '18032660090', 1388123337, 0, 0),
(106, 1, '71022', 47463860, 47463860, '#不讲理#', '13718285934', 1388124135, 0, 0),
(107, 1, '71195', 52245183, 52245183, 'incompletexm', '15227808691', 1388123398, 0, 0),
(108, 1, '71243', 2584843, 9597090, 'xiemengyang', '18600757323', 1388124160, 0, 0),
(109, 1, '71347', 32689306, 32689306, '123120', '15535905030', 1388122986, 0, 2),
(110, 1, '71481', 2259620, 8805041, 'ijaycn', '18788844931', 1388123141, 0, 0),
(111, 1, '71537', 68302997, 68302997, '臭小嘎', '18358815122', 1388123620, 0, 0),
(112, 1, '71662', 25280590, 25280590, '吴昌中', '18690425358', 1388123377, 0, 0),
(113, 1, '71747', 42603561, 42603561, '尹恩熙', '13573113258', 1388123474, 0, 0),
(114, 1, '71844', 36916290, 36916290, '依旧是诺言', '13832543338', 1388123863, 0, 0),
(115, 1, '71976', 2331392, 8992546, '我有压力', '15063554688', 1388122963, 0, 0),
(116, 1, '72037', 96742102, 96742102, '西伯利亚狼183团', '18553384468', 1388122976, 0, 0),
(117, 1, '72159', 15248675, 15248675, '蔷薇沫儿', '15855109445', 1388119928, 0, 0),
(118, 1, '72285', 281725, 3305769, 'ごshmilyヅ‫', '18665859427', 1388123993, 0, 0),
(119, 1, '72377', 80577990, 80577990, '可爱网络', '15830153800', 1388123699, 0, 0),
(120, 1, '72423', 35650668, 35650668, '新人探花', '13718848273', 1388123781, 0, 0),
(121, 1, '72514', 23911472, 23911472, '亚天511', '18609660511', 1388124359, 0, 0),
(122, 1, '72683', 70556681, 70556681, '050529', '13718848273', 1388123762, 0, 0),
(123, 1, '72702', 79075515, 79075515, '洛天天', '13909865103', 1388123073, 0, 0),
(124, 1, '72809', 73062276, 73062276, '墨客残阳', '15688418275', 0, 0, 0),
(125, 1, '72944', 2560385, 9515381, '死亡7.进制', '15201536020', 1388123567, 0, 0),
(126, 1, '73019', 28508646, 28508646, '45992525', '15955276606', 1388123611, 0, 0),
(127, 1, '73125', 29441042, 29441042, '蓝色小冰', '13315199257', 1388123363, 0, 0),
(128, 1, '73285', 31043783, 31043783, '路摇摇号狂', '13100004424', 1388123322, 0, 0),
(129, 1, '73327', 140890053, 140890053, '星空之城', '18622533360', 1388119921, 0, 1),
(130, 1, '73492', 159382936, 159382936, '半透明的qiang', '18633951919', 1388124507, 0, 1),
(131, 1, '73577', 165815429, 165815429, '金兰陵王妃', '18511337632', 1388124582, 0, 0),
(132, 1, '73676', 223639, 3373069, 'Alan_Ki', '13425359453', 1388119805, 0, 0),
(133, 1, '73711', 50738528, 50738528, '~哈比~', '18311398613', 1388123021, 0, 0),
(134, 1, '73811', 2669255, 9908903, '大云云', '15810132093', 1388120487, 0, 0),
(135, 1, '73975', 31391097, 31391097, '510788065', '18613826527', 1388124178, 0, 2),
(136, 1, '74015', 130961637, 130961637, '吱吱515', '18235447273', 1388123558, 0, 0),
(137, 1, '74141', 58864002, 58864002, '☆任鹏★', '18311130180', 1388123085, 0, 0),
(138, 1, '74221', 37230087, 37230087, '杨小旭wqa', '13717569876', 1388123917, 0, 1),
(139, 1, '74347', 68158205, 68158205, '米2嘻嘻', '13426232498', 1388122960, 0, 0),
(140, 1, '74433', 1724862, 9181188, '小米喵喵', '13522336368', 1388124103, 0, 0),
(141, 1, '74554', 24294220, 24294220, '伟峰杨', '13811123724', 1388123243, 0, 0),
(142, 1, '74671', 17849522, 17849522, '王漠然、', '13965088889', 1388124884, 0, 0),
(143, 1, '74747', 49342167, 49342167, 'yangweiqiao', '13810916949', 1388123447, 0, 0),
(144, 1, '74806', 23791729, 23791729, '牛逼的选择', '18631189213', 1388123571, 0, 0),
(145, 1, '74944', 30225733, 30225733, '我是该了你的', '15180667386', 1388123501, 0, 0),
(146, 1, '75021', 29774278, 29774278, '大懒猫1', '13020073872', 1388123745, 0, 0),
(147, 1, '75132', 46806076, 46806076, '叶银', '13811123742', 1388123224, 0, 0),
(148, 1, '75221', 251817, 4085068, '渭南阿福', '18628533250', 1388123248, 0, 0),
(149, 1, '75386', 46119208, 46119208, '天生大肚', '18640987010', 0, 0, 0),
(150, 1, '75472', 10990918, 10990918, '美少馿', '13269858318', 1388123093, 0, 0),
(151, 1, '75521', 10686300, 10686300, '灬一家人灬', '15939993906', 1388123819, 0, 0),
(152, 1, '75622', 24544693, 24544693, '紫夜无风', '13920381926', 1388123018, 0, 0),
(153, 1, '75752', 85180083, 85180083, '叶家小城', '18501377174', 1388123261, 0, 1),
(154, 1, '75894', 2641028, 9792407, '孤独飘零客', '13811963880', 1388123662, 0, 0),
(155, 1, '75981', 173809996, 173809996, '摩羯小海少爷', '18710108004', 1388123852, 0, 1),
(156, 1, '76093', 157819358, 157819358, '红米YM', '15010313400', 1388124427, 0, 0),
(157, 1, '76174', 149248979, 149248979, '米聊-林', '13209893579', 1388123701, 0, 1),
(158, 1, '76257', 74079379, 74079379, '过去时城示', '18023162529', 1388119661, 0, 0),
(159, 1, '76371', 73841119, 73841119, '小米小米只爱你', '18317770270', 1388123724, 0, 0),
(160, 1, '76464', 67135231, 67135231, '从来不卑微', '18630979647', 1388123634, 0, 0),
(161, 1, '76591', 2261123, 8810071, '我更爱小蜜', '15611625887', 1388123795, 0, 0),
(162, 1, '76656', 2928312, 173562, 'DanielDengHui', '13601124933', 1388124087, 0, 0),
(163, 1, '76772', 188445585, 188445585, '╰つ天之蓝', '18833384848', 1388123502, 0, 0),
(164, 1, '76843', 2478382, 9302893, '旦小亚', '13196833015', 1388123008, 0, 0),
(165, 1, '76985', 528660, 6376490, 'zhaojy925', '', 1388124329, 0, 0),
(166, 1, '77035', 48814, 162974, 'osmond520', '18631705050', 1388119894, 0, 0),
(167, 1, '77164', 67314646, 67314646, '哪个没用啊', '13681216361', 1388123158, 0, 0),
(168, 1, '77242', 26972288, 26972288, 'bluesky_qz2008', '13522330503', 1388123283, 0, 0),
(169, 1, '77354', 35186007, 35186007, '祥龙福虎', '13269643796', 1388123085, 0, 0),
(170, 1, '77482', 43765123, 43765123, '明媚5419', '18810576557', 1388124127, 0, 0),
(171, 1, '77503', 87835399, 87835399, '韩帅9980305', '18831525725', 1388123393, 0, 0),
(172, 1, '77691', 12091611, 12091611, '烟熏了眼，', '15232451577', 1388123441, 0, 0),
(173, 1, '77756', 94992300, 94992300, 'wanglei_tank', '13403151805', 1388123455, 0, 0),
(174, 1, '77865', 2194427, 8608899, '為愛漫步', '18642003561', 1388120802, 0, 0),
(175, 1, '77905', 17123, 6377205, 'zxj771208', '13663210866', 1388123402, 0, 0),
(176, 1, '78076', 14557601, 14557601, '花残恋红尘', '15957697235', 1388119827, 0, 1),
(177, 1, '78133', 138614972, 138614972, 'hzj1124', '18611784416', 1388123945, 0, 0),
(178, 1, '78244', 50026101, 44024892, '柒暁妖', '18602477172', 1388120685, 0, 0),
(179, 1, '78394', 94915599, 94915599, '报A刊热BOY', '15930157453', 1388125450, 0, 0),
(180, 1, '78463', 31060309, 31060309, 'stefsky', '', 1388123628, 0, 0),
(181, 1, '78584', 41721287, 41721287, '马磊STA', '13521307605', 1388124209, 0, 2),
(182, 1, '78642', 144327456, 144327456, '_茶烟。尚绿', '18310994769', 1388123664, 0, 0),
(183, 1, '78761', 30048365, 30048365, '颜灏柟', '15122838370', 1388123483, 0, 0),
(184, 1, '78862', 88962338, 88962338, 'RMCL', '13969598575', 1388123369, 0, 0),
(185, 1, '78946', 2649617, 9817192, 'zimo时尚', '15010931836', 0, 0, 0),
(186, 1, '79015', 14565486, 14565486, '未知生物', '13998312940', 1388123586, 0, 0),
(187, 1, '79147', 41642732, 41642732, 'memm05', '15210575877', 1388124019, 0, 0),
(188, 1, '79214', 30296828, 30296828, '奥尼胖', '13581778659', 1388124188, 0, 0),
(189, 1, '79381', 21185498, 21185498, '小威廉', '15822766791', 1388123524, 0, 0),
(190, 1, '79444', 58181556, 58181556, '我是ztt', '18698820211', 1388120696, 0, 0),
(191, 1, '79584', 2514144, 9383139, 'yanlis', '13501209657', 1388123815, 0, 0),
(192, 1, '79691', 213165765, 213165765, 'henhaohao', '13341165737', 1388123951, 0, 0),
(193, 1, '79741', 523530, 6365892, '米小川', '18642003635', 1388121284, 0, 0),
(194, 1, '79805', 23592002, 23592002, 'jackwu1987', '13810373589', 1388123362, 0, 0),
(195, 1, '79946', 44003677, 44003677, '龙飞777', '13863514777', 1388123505, 0, 0),
(196, 1, '80057', 13949670, 13949670, 'lpy349', '15203493889', 1388123310, 0, 0),
(197, 1, '80143', 560951, 6436491, 'JY丶丶宇', '13145555860', 1388124121, 0, 2),
(198, 1, '80222', 2220343, 8692868, '@魑魅魍魉', '15131550909', 1388123139, 0, 0),
(199, 1, '80383', 24493842, 24493842, '12月18日', '18618152809', 1388124442, 0, 0),
(200, 1, '80416', 72872650, 72872650, '小猪猪丶静', '18637000128', 1388123414, 0, 0),
(201, 1, '80561', 129328610, 129328610, 'justin91', '', 0, 0, 0),
(202, 1, '80641', 15488119, 15488119, '咖啡混着茶', '15034000376', 1388123246, 0, 0),
(203, 1, '80744', 79272853, 79272853, '一见日落', '13271226999', 1388123792, 0, 0),
(204, 1, '80835', 41966226, 41966226, '貌似帅锅', '', 1388124048, 0, 0),
(205, 1, '80985', 213168407, 213168407, '飘雪197851', '13341153710', 1388123880, 0, 0),
(206, 1, '81037', 26879782, 26879782, '司空若奇', '15122907512', 1388124668, 0, 0),
(207, 1, '81191', 37639799, 37639799, 'DT米兔、', '15935235129', 1388123916, 0, 1),
(208, 1, '81213', 110055858, 110055858, 'asd123fg', '13241391767', 1388123929, 0, 0),
(209, 1, '81367', 26202066, 26202066, '枥舟132', '13521754228', 1388124648, 0, 1),
(210, 1, '81457', 2695312, 3677379, 'lsj10', '13501251358', 1388123955, 0, 0),
(211, 1, '81561', 173267130, 173267130, '风韵犹存123', '15038926788', 1388123804, 0, 0),
(212, 1, '81647', 68290732, 68290732, 'z小男孩z', '15553331919', 1388123200, 0, 0),
(213, 1, '81747', 66232339, 66232339, '阿豪少侠', '13706357413', 1388123344, 0, 2),
(214, 1, '81847', 26327005, 26327005, '纳豆玉小僧', '13810696365', 1388123048, 0, 0),
(215, 1, '81964', 22980236, 22980236, 'RexSky', '15210018231', 1388123653, 0, 0),
(216, 1, '82033', 40229527, 40229527, '蓝黑小卡', '13716360577', 1388123749, 0, 0),
(217, 1, '82118', 30969060, 30969060, 'Memory05', '15901264628', 1388123977, 0, 0),
(218, 1, '82279', 79210185, 79210185, '米粒童童', '13501088563', 1388123883, 0, 0),
(219, 1, '82351', 2388311, 3257672, '★尛壞蛋☆', '13810783953', 1388124031, 0, 0),
(220, 1, '82427', 144924218, 144924218, '夏子12345', '', 1388123426, 0, 0),
(221, 1, '82502', 27660668, 27660668, '饭桶大包子', '13811676752', 1388124375, 0, 0),
(222, 1, '82665', 40986135, 40986135, '天冰', '13521467166', 1388123302, 0, 0),
(223, 1, '82707', 73584767, 73584767, 'MR呆呆', '15659375665', 1388124071, 0, 0),
(224, 1, '82847', 474323, 6266343, 'hughmajie', '18630147045', 1388123407, 0, 0),
(225, 1, '82933', 35684481, 35684481, '虎爷来了', '15846002543', 1388123646, 0, 2),
(226, 1, '83067', 17565333, 17565333, '小乖乖燕燕', '13240079804', 1388123027, 0, 0),
(227, 1, '83182', 112329270, 112329270, '轻烟_拢月纱', '15010079700', 1388124351, 0, 0),
(228, 1, '83271', 182439091, 182439091, '小新1981-2013', '13261954446', 1388124058, 0, 0),
(229, 1, '83317', 27393721, 27393721, '佳佳公主', '15081818509', 1388123220, 0, 0),
(230, 1, '83436', 69802749, 69802749, 'LEX_LIO', '13718080879', 0, 0, 0),
(231, 1, '83533', 92292888, 92292888, '静丶小猪猪', '13137000128', 1388123451, 0, 0),
(232, 1, '83635', 68300916, 68300916, '阳阳爱小米1', '15001168630', 1388125270, 0, 0),
(233, 1, '83713', 20725001, 20725001, '416276521', '13439928602', 1388124498, 0, 0),
(234, 1, '83867', 30304652, 30304652, '天使丶斌', '15600596828', 1388122941, 0, 0),
(235, 1, '83947', 159107, 332744, 'Masstone', '15652787512', 1388123132, 0, 1),
(236, 1, '84052', 154987832, 154987832, '宋雨燕', '13681274607', 1388124056, 0, 0),
(237, 1, '84178', 79437076, 79437076, '米爱2013', '13643380876', 1388123579, 0, 0),
(238, 1, '84221', 74543618, 74543618, '董豪', '13260000667', 1388124756, 0, 0),
(239, 1, '84315', 72414802, 72414802, 'ROLLEY', '18611211319', 0, 0, 0),
(240, 1, '84444', 189322406, 189322406, '尚衣', '15206355352', 1388123339, 0, 0),
(241, 1, '84596', 42449435, 42449435, '我的a吃', '13261514868', 0, 0, 0),
(242, 1, '84686', 95572881, 95572881, 'hobysun', '15042432456', 1388124570, 0, 0),
(243, 1, '84706', 23875119, 23875119, '臭小子format', '18601155414', 1388124271, 0, 0),
(244, 1, '84822', 33245690, 33245690, 'Ｍo小夕', '13718043588', 1388123605, 0, 0),
(245, 1, '84921', 7786, 800084, '叛逆yu', '15810201146', 1388123045, 0, 0),
(246, 1, '85091', 59890442, 59890442, '兜里→没米', '18510409285', 1388123075, 0, 0),
(247, 1, '85134', 56860835, 56860835, 'leevanzhangliwe', '13381166057', 1388123710, 0, 2),
(248, 1, '85258', 448229, 6009151, '七仔很闲', '18630171917', 1388120668, 0, 0),
(249, 1, '85358', 287314, 6061269, '无处安放、', '15652142212', 1388123216, 0, 0),
(250, 1, '85413', 80604092, 80604092, '奋斗DH', '18210113153', 1388124959, 0, 0),
(251, 1, '85573', 37703, 3370280, '八戒℡', '18553285839', 1388123093, 0, 0),
(252, 1, '85612', 40991340, 40991340, 'zcysnake', '13051535104', 1388124524, 0, 0),
(253, 1, '85786', 144038, 2062936, 'mdmd1991123', '18611746682', 1388123156, 0, 0),
(254, 1, '85824', 37429188, 37429188, 'sunny827', '15910625616', 1388124044, 0, 0),
(255, 1, '85924', 165407880, 165407880, '芷瑜天使', '13321169177', 1388123807, 0, 0),
(256, 1, '86014', 134755745, 134755745, '精神婧', '15210942974', 1388123891, 0, 0),
(257, 1, '86136', 74422335, 74422335, 'MIUI-DT小阳', '18689304295', 1388123269, 0, 2),
(258, 1, '86207', 159996133, 159996133, 'zcyhx', '15810715231', 1388124832, 0, 0),
(259, 1, '86347', 2816724, 10331359, 's日不落s', '13259467485', 1388123592, 0, 0),
(260, 1, '86457', 93651336, 93651336, '过河相', '18618348163', 1388124305, 0, 0),
(261, 1, '86585', 121385272, 121385272, 'TYQ7', '18811346890', 1388123904, 0, 0),
(262, 1, '86661', 40315482, 40315482, 'ges1981', '15611031229', 1388123913, 0, 0),
(263, 1, '86787', 119295030, 119295030, '伊影雾冉', '13716016195', 1388123855, 0, 0),
(264, 1, '86873', 2345164, 9029398, '8里看爱', '18608918120', 1388123353, 0, 0),
(265, 1, '86928', 21100528, 21100528, '坏坏528', '15165822301', 1388123266, 0, 0),
(266, 1, '87034', 629718, 130621, 'jimmylotus', '13403418660', 1388123285, 0, 0),
(267, 1, '87106', 2596265, 9643761, 'MR''K', '18630338728', 1388123354, 0, 0),
(268, 1, '87205', 213163699, 213163699, 'rtyhuji;p\\\\\\''', '13301120006', 1388123869, 0, 0),
(269, 1, '87355', 72007252, 72007252, '小米宝宝花', '13934163142', 1388123297, 0, 0),
(270, 1, '87434', 15509603, 15509603, '小伙大山', '18716007916', 1388123945, 0, 0),
(271, 1, '87585', 29548462, 29548462, '面膜小数据', '18500134816', 1388124879, 0, 0),
(272, 1, '87622', 79274522, 79274522, '大美闺', '13810642875', 1388123862, 0, 1),
(273, 1, '87734', 937030, 6888540, '大连秋枫', '18604091207', 1388119957, 0, 0),
(274, 1, '87896', 71275978, 71275978, 'xingxingwang123', '13366170070', 1388124454, 0, 0),
(275, 1, '87967', 104356131, 104356131, '今生非你。不娶', '15133444995', 1388124663, 0, 0),
(276, 1, '88087', 11600428, 11600428, '快快快快樂、', '18030095956', 1388120006, 0, 0),
(277, 1, '88193', 148639188, 148639188, '贺舞00', '18612943113', 1388123824, 0, 0),
(278, 1, '88237', 46569116, 46569116, '百威嘉士伯', '', 1388123345, 0, 0),
(279, 1, '88347', 94071117, 94071117, '我是肠子', '13315796681', 1388123739, 0, 0),
(280, 1, '88425', 23251813, 23251813, 'llwwbb1', '13260292283', 1388124477, 0, 0),
(281, 1, '88534', 24523672, 24523672, '你的傻孩子', '13426121803', 1388124384, 0, 0),
(282, 1, '88684', 210089717, 210089717, 'dealisdeal', '15010158771', 1388123594, 0, 0),
(283, 1, '88712', 68784836, 68784836, '郭春晓', '13127283939', 1388123581, 0, 0),
(284, 1, '88892', 479075, 6276085, 'zhuizhu313', '13651000295', 0, 0, 0),
(285, 1, '88971', 173112357, 173112357, '小饭团1990', '15613296923', 1388123674, 0, 0),
(286, 1, '89012', 2957006, 2856205, 'RexBlue', '13552994116', 1388123692, 0, 0),
(287, 1, '89142', 53659769, 53659769, '缘随第⑥感', '13007079617', 1388123261, 0, 0),
(288, 1, '89266', 23077211, 23077211, '轻歌幂舞', '13810504551', 1388124479, 0, 0),
(289, 1, '89337', 174271931, 174271931, '宝小调', '15822100943', 1388123169, 0, 0),
(290, 1, '89436', 27851877, 27851877, '幸福滴味道', '18131610822', 0, 0, 0),
(291, 1, '89515', 70082872, 70082872, '等你等到了老', '15550723788', 1388123929, 0, 0),
(292, 1, '89686', 108213152, 108213152, '爱军富婆', '13053807506', 1388123344, 0, 0),
(293, 1, '89796', 48828687, 48828687, '踏梦水晶', '15652151142', 1388124166, 0, 0),
(294, 1, '89892', 154636659, 154636659, 'my1989627', '13691271723', 1388123786, 0, 0),
(295, 1, '89946', 13488532, 13488532, '墙角、落泪', '13693200756', 1388123958, 0, 0),
(296, 1, '90007', 30001379, 30001379, 'aRui-', '15076655658', 0, 0, 0),
(297, 1, '90123', 54379066, 54379066, '小蝎4静', '18630621121', 1388123677, 0, 0),
(298, 1, '90274', 108214676, 108214676, '护理你发', '13385381787', 1388123381, 0, 0),
(299, 1, '90355', 191324003, 191324003, '江大雪', '15075681312', 0, 0, 0),
(300, 1, '90466', 34735266, 34735266, '41175157', '13934265207', 1388123277, 0, 0),
(301, 1, '90563', 35126042, 35126042, 'gggg143', '13754413001', 1388123006, 0, 0),
(302, 1, '90653', 73170865, 73170865, 'Alex-子轩', '', 1388123588, 0, 0),
(303, 1, '90782', 66003556, 66003556, '水边晨曦', '13520215539', 1388124021, 0, 0),
(304, 1, '90823', 47195581, 47195581, 'Smileヾ归宿', '15877440520', 1388119473, 0, 0),
(305, 1, '90975', 23484042, 23484042, 'Ruby、', '13270090147', 1388124013, 0, 0),
(306, 1, '91056', 81925065, 81925065, '天河注水7890', '18201266210', 1388123682, 0, 0),
(307, 1, '91187', 85939058, 85939058, '挚爱D小米', '18601277746', 1388123206, 0, 0),
(308, 1, '91293', 16173625, 16173625, '天使魔杰座', '18050055582', 1388119709, 0, 2),
(309, 1, '91351', 23895551, 23895551, '遗忘烟蒂', '13146873288', 1388124445, 0, 0),
(310, 1, '91496', 121991603, 121991603, '咕咕嘎123', '15010542040', 1388120495, 0, 0),
(311, 1, '91553', 26645929, 26645929, '479511283', '13849248091', 1388123843, 0, 0),
(312, 1, '91606', 41514262, 41514262, '与吉他同行', '18652520039', 1388119682, 0, 0),
(313, 1, '91734', 31279368, 31279368, '小小溪米', '18210539715', 1388123936, 0, 0),
(314, 1, '91891', 15104042, 15104042, '米粉の波', '15117904437', 1388124136, 0, 0),
(315, 1, '91963', 2457099, 9254691, 'nikezjl', '15801281867', 1388123972, 0, 1),
(316, 1, '92071', 2749525, 10130475, '...qwqe', '15801656683', 1388123174, 0, 0),
(317, 1, '92162', 75841191, 75841191, '蓝色天空2008', '13146352610', 1388123548, 0, 0),
(318, 1, '92286', 74713038, 74713038, '风流', '13569082900', 1388123759, 0, 0),
(319, 1, '92355', 68824047, 68824047, '尛曟', '18701394816', 1388123401, 0, 0),
(320, 1, '92452', 48877618, 48877618, '乾坤五行', '13321121552', 1388123337, 0, 0),
(321, 1, '92595', 114352627, 114352627, '艾米丽少', '13521730920', 1388123867, 0, 0),
(322, 1, '92673', 34040142, 34040142, '晴天太阳雨', '13263398207', 1388124122, 0, 0),
(323, 1, '92701', 34056073, 34056073, 'prest', '18611885834', 1388123840, 0, 0),
(324, 1, '92886', 49152979, 49152979, '飘逸梦想', '15210840256', 1388124443, 0, 0),
(325, 1, '92947', 2970482, 890901, '清风↖(^ω^)↗', '18612259411', 1388123435, 0, 0),
(326, 1, '93062', 138544825, 138544825, '阿阿涛涛乐乐', '13273446899', 1388123068, 0, 0),
(327, 1, '93181', 27842416, 27842416, '黄＆土', '13681409415', 1388124337, 0, 0),
(328, 1, '93292', 215323108, 215323108, 'mi0304', '18600424007', 1388124871, 0, 0),
(329, 1, '93365', 50661809, 50661809, '墨迹的包子', '15094075161', 1388123824, 0, 0),
(330, 1, '93405', 46188682, 46188682, '@小邪', '15510077958', 1388123531, 0, 0),
(331, 1, '93554', 46946011, 46946011, '敬爱MI', '15032498306', 1388123623, 0, 0),
(332, 1, '93646', 34789893, 34789893, 'BMWX6mm', '13869603023', 1388119652, 0, 0),
(333, 1, '93734', 538721, 6398331, 'xzr9xzr9xzr9', '13581562814', 1388123771, 0, 0),
(334, 1, '93852', 39394647, 39394647, '动力明月', '13837160447', 1388119739, 0, 0),
(335, 1, '93915', 61705813, 61705813, '屋顶的寂寞', '', 1388124193, 0, 0),
(336, 1, '94036', 28026568, 28026568, '、妖娆', '15901563711', 1388121046, 0, 0),
(337, 1, '94127', 47236102, 47236102, '北京-公子', '13661135813', 1388124162, 0, 0),
(338, 1, '94241', 23814336, 23814336, '夏波波', '13780302283', 1388123884, 0, 1),
(339, 1, '94301', 52318123, 52318123, '小河马forget', '15810911915', 1388124357, 0, 0),
(340, 1, '94452', 49582358, 49582358, '小胖子的衣服', '15620695852', 1388123334, 0, 0),
(341, 1, '94556', 10624048, 10624048, '佐罗PP', '18525301131', 1388123493, 0, 0),
(342, 1, '94666', 29479227, 29479227, '故玄Zmyy', '13304845590', 1388123382, 0, 1),
(343, 1, '94706', 84464946, 84464946, 'G小耍你', '13662179226', 1388124436, 0, 0),
(344, 1, '94894', 75115275, 75115275, '飘叶留香', '13932775387', 1388123653, 0, 0),
(345, 1, '94956', 2299657, 8905980, '盒饭饭', '13012003229', 1388123454, 0, 0),
(346, 1, '95043', 15844956, 15844956, 'Blessinger', '13661375730', 1388124210, 0, 0),
(347, 1, '95102', 50895287, 50895287, '滕文泽', '13718469253', 1388124549, 0, 0),
(348, 1, '95262', 64536035, 64536035, '龙青铉', '13065597920', 1388123725, 0, 2),
(349, 1, '95354', 101520720, 101520720, '喜喜cmx', '13121011979', 1388123421, 0, 0),
(350, 1, '95406', 98557390, 98557390, '199493', '18601961828', 1388123958, 0, 0),
(351, 1, '95556', 42988833, 42988833, '米饭盒饭', '13012003129', 1388123440, 0, 0),
(352, 1, '95605', 30151567, 30151567, 'jrance', '18744006023', 1388123638, 0, 1),
(353, 1, '95789', 43052305, 43052305, '听雨飘香', '15210085426', 1388123060, 0, 0),
(354, 1, '95885', 2223628, 8704071, '安沫Casey', '15909201794', 1388123257, 0, 0),
(355, 1, '95905', 79523000, 79523000, '向阳花开_MZ', '18001247956', 1388122946, 0, 0),
(356, 1, '96013', 81417512, 81417512, '啊壮', '13546340723', 1388123056, 0, 0),
(357, 1, '96123', 2900018, 1307688, '我叫做小华', '13770998525', 1388124188, 0, 0),
(358, 1, '96254', 141014246, 141014246, '甘草的传说', '18932702072', 1388123566, 0, 0),
(359, 1, '96324', 39526700, 39526700, '冰河.洗剑', '', 1388119781, 0, 0),
(360, 1, '96467', 72015687, 72015687, '武器大师喝奶奶', '13722387832', 1388123859, 0, 0),
(361, 1, '96516', 433447, 4653530, '龙默言', '13662066188', 1388119695, 0, 0),
(362, 1, '96656', 24547653, 24547653, '銷銤鈖', '15192539937', 1388123187, 0, 0),
(363, 1, '96717', 32081591, 32081591, '森与淑', '15620629376', 1388123350, 0, 0),
(364, 1, '96887', 79154623, 79154623, '阳光Q小新', '15902272771', 1388123114, 0, 0),
(365, 1, '96985', 43618155, 43618155, '米李儿', '15155999667', 1388123387, 0, 0),
(366, 1, '97082', 512990, 6346268, '小孟孟', '18611345623', 1388124206, 0, 0),
(367, 1, '97103', 15618490, 15618490, '金玉2011', '', 1388123420, 0, 2),
(368, 1, '97293', 78277123, 78277123, '王少引领时尚', '18638761657', 1388124116, 0, 0),
(369, 1, '97356', 26770672, 26770672, 'liu_sam', '13552415459', 1388124151, 0, 0),
(370, 1, '97482', 32529109, 32529109, 'leesi4444', '13501340485', 1388124562, 0, 0),
(371, 1, '97585', 21513476, 21513476, 'xeeshute', '15690313308', 1388123420, 0, 0),
(372, 1, '97676', 84417811, 84417811, '5201314米粉', '13542936977', 1388124418, 0, 0),
(373, 1, '97794', 80581733, 80581733, '索小品', '13333826160', 1388123654, 0, 1),
(374, 1, '97845', 122812642, 122812642, '小北vip', '18131715057', 1388123736, 0, 1),
(375, 1, '97976', 159212039, 159212039, '唐家小萌', '18801027108', 1388124107, 0, 0),
(376, 1, '98074', 39650729, 39650729, '别踩我鞋', '13521784217', 1388123612, 0, 0),
(377, 1, '98196', 102401740, 102401740, '爱哆啦梦', '13810670980', 1388123906, 0, 0),
(378, 1, '98222', 2789901, 10217323, 'E通讯', '18698101151', 1388123044, 0, 0),
(379, 1, '98384', 27009159, 27009159, '穆乃伊', '18109280172', 1388123076, 0, 0),
(380, 1, '98416', 2587336, 9610258, 'acjkes', '15754718910', 1388124548, 0, 0),
(381, 1, '98563', 23168023, 23168023, 'xiao东东', '18611695865', 1388123312, 0, 0),
(382, 1, '98695', 45752808, 45752808, '闹闹808', '15510622309', 1388123432, 0, 0),
(383, 1, '98723', 536985, 6394263, 'Spikeゞ小宁', '15603950128', 1388119982, 0, 0),
(384, 1, '98807', 38891626, 38891626, '卷毛的企鹅', '13810260815', 1388123731, 0, 2),
(385, 1, '98907', 10882239, 10882239, '永恒ViViVi', '13810691789', 1388124524, 0, 0),
(386, 1, '99024', 35049847, 35049847, '半根玉溪', '15611048700', 1388124164, 0, 0),
(387, 1, '99171', 673486, 6588393, 'sunny527', '13701106051', 1388124292, 0, 1),
(388, 1, '99217', 2624273, 9740498, '竹内尧尧', '13683336089', 1388124203, 0, 0),
(389, 1, '99332', 27863028, 27863028, '半生熟_', '18637239284', 1388123793, 0, 2),
(390, 1, '99426', 10575097, 10575097, 'ly933', '15680719768', 1388120545, 0, 0),
(391, 1, '99554', 88212817, 88212817, '雪是凝结的泪', '13223140308', 1388123292, 0, 0),
(392, 1, '99632', 506368, 6334703, 'tsgongdian', '18630517560', 1388123484, 0, 0),
(393, 1, '99702', 158875157, 158875157, 'hm小米妹', '15620695852', 1388123408, 0, 0),
(394, 1, '99855', 1199930, 7268901, '火の世界', '13466503073', 1388123950, 0, 0),
(395, 1, '99947', 27963836, 27963836, '_愛愛', '15822920819', 1388123151, 0, 0),
(396, 1, '10005', 48696001, 48696001, '万人m1', '13261579516', 1388124288, 0, 0),
(397, 1, '10017', 46483807, 46483807, '费建新', '18091181185', 1388123211, 0, 0),
(398, 1, '10025', 41856502, 41856502, '风之吻之渠', '13718182199', 1388123765, 0, 0),
(399, 1, '10034', 40155645, 40155645, '小亮购小米', '13483275565', 1388123668, 0, 0),
(400, 1, '10048', 2585582, 9600367, 'Nicholastan2008', '13810946815', 1388123219, 0, 0),
(401, 1, '10050', 36513852, 36513852, '阿阿涛涛', '13933871671', 1388123505, 0, 0),
(402, 1, '10069', 33475975, 33475975, 'Is丶有点冷', '13701138880', 1388124498, 0, 0),
(403, 1, '10073', 111555079, 111555079, 'ran111555079', '18501178004', 1388123671, 0, 0),
(404, 1, '10087', 128865028, 128865028, '云水喝水', '18865206855', 1388123443, 0, 2),
(405, 1, '10094', 2193865, 8607159, '富儿老婆', '13811058242', 1388124034, 0, 0),
(406, 1, '10106', 31400791, 31400791, 'Cindy3076', '15153165007', 1388124133, 0, 2),
(407, 1, '10115', 37841181, 37841181, 'hsyuli77', '', 1388120906, 0, 0),
(408, 1, '10120', 2949270, 2859124, '仓鼠大人~', '18510037082', 1388123745, 0, 0),
(409, 1, '10138', 1251923, 7331869, 'anywnghsy', '18810618862', 1388124599, 0, 0),
(410, 1, '10143', 15134616, 15134616, '嘻嘻亥子', '', 1388123301, 0, 0),
(411, 1, '10158', 770901, 6723613, 'neo2007', '13811320944', 1388124432, 0, 0),
(412, 1, '10162', 107829210, 107829210, 'i9100sht', '18631973589', 1388123537, 0, 0),
(413, 1, '10179', 130419959, 130419959, '月光下的竹', '13463403874', 1388123336, 0, 1),
(414, 1, '10188', 25571160, 25571160, '北斗换青云', '13366823581', 1388124626, 0, 0),
(415, 1, '10196', 72809231, 72809231, 'hshowq', '18612987085', 1388123580, 0, 1),
(416, 1, '10208', 23812098, 23812098, '国际妇男节', '13353802160', 1388124526, 0, 0),
(417, 1, '10217', 99378068, 99378068, '朵朵老大', '13611350787', 1388123776, 0, 0),
(418, 1, '10221', 161356009, 161356009, '倔强虎', '18510169256', 1388123965, 0, 0),
(419, 1, '10238', 27303728, 27303728, 'Tina岚阳', '13520066603', 1388123723, 0, 0),
(420, 1, '10243', 35628770, 35628770, '小小别扭', '18601010149', 1388123853, 0, 0),
(421, 1, '10250', 162034045, 162034045, '小鱼81', '13911244324', 1388124231, 0, 0),
(422, 1, '10260', 11368720, 11368720, '米迷米小米', '15200030755', 1388124256, 0, 0),
(423, 1, '10272', 36196930, 36196930, '冷月飘风', '13726838196', 0, 0, 0),
(424, 1, '10287', 26568739, 26568739, '薛大傻', '15011288812', 1388124064, 0, 0),
(425, 1, '10291', 139546882, 139546882, 'xmalasong', '13391506051', 1388123636, 0, 0),
(426, 1, '10307', 33602563, 33602563, '小黄Mi粒', '15104407232', 1388123692, 0, 0),
(427, 1, '10314', 2799967, 10252310, '无名可用', '15093984095', 1388123769, 0, 1),
(428, 1, '10325', 184543581, 184543581, 'shayi36', '13466602292', 1388124054, 0, 0),
(429, 1, '10336', 26237803, 26237803, '阿群之传', '18606463833', 1388125950, 0, 0),
(430, 1, '10348', 2302571, 8913311, '下里巴人LZ', '15803957327', 1388123140, 0, 0),
(431, 1, '10354', 31227912, 31227912, 'Mushroom1', '18120125225', 1388123463, 0, 0),
(432, 1, '10363', 31111947, 31111947, 'austen709', '13581501889', 1388124932, 0, 0),
(433, 1, '10373', 27635362, 27635362, '九分熟', '15033515520', 1388123011, 0, 0),
(434, 1, '10382', 133703657, 133703657, '菲love菲', '15031985397', 1388123584, 0, 0),
(435, 1, '10395', 2405472, 9136492, 'beibeitian', '13810580674', 1388123299, 0, 0),
(436, 1, '10404', 62318077, 62318077, '九分熟日记', '15033502677', 1388123904, 0, 0),
(437, 1, '10410', 66897589, 66897589, '九分熟日', '15033502677', 1388123364, 0, 1),
(438, 1, '10420', 68852088, 68852088, 'cathy30', '13932159827', 1388123773, 0, 0),
(439, 1, '10434', 2782747, 10204701, '冰⌒寒', '18600260727', 1388124453, 0, 0),
(440, 1, '10445', 77375809, 77375809, '浪人214', '13602239059', 1388123521, 0, 0),
(441, 1, '10459', 24969913, 24969913, '尛@冷', '13240056759', 1388124485, 0, 0),
(442, 1, '10460', 2833844, 10427722, '默然ミ', '13622145941', 1388123109, 0, 0),
(443, 1, '10476', 70043866, 70043866, 'angel小航', '13895323275', 1388119937, 0, 0),
(444, 1, '10485', 2882084, 10753526, '萦雪化风', '15931390613', 1388123266, 0, 0),
(445, 1, '10496', 96068317, 96068317, '萦雪化月', '15931390614', 1388123437, 0, 0),
(446, 1, '10500', 2845137, 10491617, '魔族の手', '18928819234', 1388124717, 0, 0),
(447, 1, '10514', 2653970, 5001001, '@石头', '15840771015', 1388124675, 0, 0),
(448, 1, '10524', 29492121, 29492121, '傻楚楚', '13120154476', 1388123286, 0, 0),
(449, 1, '10539', 358277, 2901594, '什么的宝贝', '18701672501', 1388123058, 0, 0),
(450, 1, '10546', 166490083, 166490083, '维敏', '13811183112', 1388124110, 0, 0),
(451, 1, '10557', 2788297, 10213730, '妖woo', '13810445917', 1388124289, 0, 0),
(452, 1, '10566', 68553121, 68553121, '月薇儿§', '18659096782', 1388123505, 0, 0),
(453, 1, '10571', 361927, 3871298, '我是卖烧饼', '13720038807', 1388123592, 0, 0),
(454, 1, '10588', 244914, 2883953, '什么。。。', '18701672503', 1388123045, 0, 0),
(455, 1, '10593', 37070060, 37070060, '风逝云栖', '13793159777', 1388123710, 0, 0),
(456, 1, '10607', 74782900, 74782900, 'qing_cn', '', 1388123601, 0, 0),
(457, 1, '10619', 169342267, 169342267, '霄箜', '13930052664', 1388123373, 0, 0),
(458, 1, '10624', 173971759, 173971759, 'hjh1381043', '13810437903', 1388124367, 0, 0),
(459, 1, '10638', 27159341, 27159341, '风情一派', '13623700013', 1388123469, 0, 0),
(460, 1, '10640', 106605033, 106605033, 'panggarfield', '13683146776', 1388123554, 0, 0),
(461, 1, '10658', 71613350, 71613350, '川宜情', '15101159686', 1388124225, 0, 0),
(462, 1, '10660', 25002322, 25002322, '梧Tree桐', '13801360770', 1388124630, 0, 0),
(463, 1, '10679', 56955452, 56955452, '虫子睡着了', '18301496454', 1388123378, 0, 0),
(464, 1, '10684', 27183959, 27183959, '陈muping', '18210794508', 1388125252, 0, 0),
(465, 1, '10695', 133384529, 133384529, '雪月倾城', '15810952732', 1388123659, 0, 0),
(466, 1, '10707', 23920207, 23920207, '双胞胎爹', '13910726745', 1388123803, 0, 0),
(467, 1, '10712', 2401526, 9131145, 'chiweimp3', '13717594077', 1388123845, 0, 0),
(468, 1, '10721', 30261645, 30261645, '华华玄', '13661020343', 1388123479, 0, 0),
(469, 1, '10730', 139925586, 139925586, '卍海盗卐', '13811307795', 1388123813, 0, 1),
(470, 1, '10743', 76742241, 76742241, '小晕晕晕', '18607586100', 1388123291, 0, 0),
(471, 1, '10753', 1801491, 8009040, 'WGLF82898', '13141147017', 1388123678, 0, 0),
(472, 1, '10762', 118618855, 118618855, '小米-守护者', '13373302333', 1388123931, 0, 0),
(473, 1, '10771', 509725, 6340412, 'evancui', '13718662816', 1388124401, 0, 0),
(474, 1, '10783', 2543152, 9450196, '冰银茶', '13581721770', 1388124000, 0, 0),
(475, 1, '10799', 1853668, 8076206, '蓝色研发', '18612524082', 1388125135, 0, 0),
(476, 1, '10801', 2323364, 8964983, '心霞``', '15676396231', 1388123913, 0, 0),
(477, 1, '10810', 18660, 125989, 'smartstar', '13818707270', 1388120064, 0, 0),
(478, 1, '10823', 2889450, 344832, 'Ada302', '18621559133', 1388121031, 0, 0),
(479, 1, '10837', 68471239, 68471239, '七弦心语', '15652960463', 1388123997, 0, 0),
(480, 1, '10843', 26809238, 26809238, '最叼一根烟', '13716192300', 1388124572, 0, 0),
(481, 1, '10857', 20331980, 20331980, '无名小小卒', '13628503051', 1388123363, 0, 0),
(482, 1, '10867', 37229502, 37229502, '杨晓琳', '15313643025', 1388123892, 0, 1),
(483, 1, '10876', 24171053, 24171053, '唐山莹莹', '15131561680', 1388122955, 0, 0),
(484, 1, '10882', 1153996, 7209770, '我在准备', '13520062921', 1388123457, 0, 2),
(485, 1, '10895', 20257849, 20257849, '飘雪811', '13311290281', 1388124100, 0, 0),
(486, 1, '10902', 24885241, 24885241, '我是胖了', '18808547771', 1388119879, 0, 0),
(487, 1, '10918', 39451329, 39451329, '双枪米粉', '15064121777', 1388124076, 0, 0),
(488, 1, '10923', 72134175, 72134175, 'gwl518', '13601316643', 1388124175, 0, 0),
(489, 1, '10935', 33579557, 33579557, 'lazy1996', '18500141996', 1388123944, 0, 0),
(490, 1, '10940', 51720532, 51720532, 'love慧宝宝', '15210557093', 1388124037, 0, 0),
(491, 1, '10955', 30243025, 30243025, '【福】有福', '13321156325', 1388124120, 0, 0),
(492, 1, '10966', 87695798, 87695798, '旺旺小草', '15810715126', 1388124279, 0, 0),
(493, 1, '10974', 84266665, 84266665, 'Tracey_翠翠', '18612206967', 1388123840, 0, 0),
(494, 1, '10988', 702293, 6628963, 'e2000baby', '', 1388124285, 0, 0),
(495, 1, '10991', 82258832, 82258832, '封陈记忆', '13994461955', 1388123290, 0, 0),
(496, 1, '11009', 186364322, 186364322, 'chunyan12', '18500083645', 1388124485, 0, 0),
(497, 1, '11013', 115743350, 115743350, '我爱小米1213', '13693250434', 1388123893, 0, 0),
(498, 1, '11024', 194088792, 194088792, '莉妞~', '15753866550', 1388124298, 0, 0),
(499, 1, '11039', 29286439, 29286439, '寒0雨', '13930152211', 1388123513, 0, 0),
(500, 1, '11044', 30987581, 30987581, 'dream8888', '13683049401', 1388124016, 0, 0),
(501, 1, '11052', 37231821, 37231821, '李甜wsas', '13341153683', 1388123937, 0, 0),
(502, 1, '11061', 30548815, 30548815, 'dream2008', '18813095860', 1388123809, 0, 0),
(503, 1, '11073', 90274621, 90274621, 'catjing', '18601125575', 1388124285, 0, 2),
(504, 1, '11087', 2512461, 9379569, '晚香玉', '13520551620', 1388124614, 0, 0),
(505, 1, '11095', 92656071, 92656071, '许陌平', '13683025919', 1388124225, 0, 0),
(506, 1, '11106', 188237510, 188237510, '188237510', '13521626885', 1388124239, 0, 0),
(507, 1, '11115', 40319412, 40319412, '√方小瑶', '15155169801', 1388119998, 0, 0),
(508, 1, '11120', 12194001, 12194001, 'Tino丶忆', '18728077237', 1388123177, 0, 0),
(509, 1, '11130', 66217917, 66217917, '夔有一足', '13209903635', 1388123174, 0, 0),
(510, 1, '11141', 30409665, 30409665, '慕容馨晴', '18811041403', 1388120646, 0, 0),
(511, 1, '11159', 130310362, 130310362, '散一地暖阳123', '18305207863', 1388123568, 0, 0),
(512, 1, '11164', 71040099, 71040099, '米粉0428', '13581608109', 1388124383, 0, 0),
(513, 1, '11178', 106521456, 106521456, 'qqq147', '13718087363', 1388124255, 0, 0),
(514, 1, '11188', 473874, 6265301, '豁然开朗', '13810714558', 1388123607, 0, 0),
(515, 1, '11190', 65005487, 65005487, '豌豆.', '13633678050', 0, 0, 0),
(516, 1, '11203', 69440657, 69440657, 'BASS小子', '13439588692', 1388123482, 0, 0),
(517, 1, '11215', 76786047, 76786047, '信仰_七月天', '13141099259', 1388123839, 0, 0),
(518, 1, '11227', 99289572, 99289572, '小萨君', '15600029980', 1388124361, 0, 1),
(519, 1, '11231', 952309, 6952782, '末灬世', '18610066148', 1388123867, 0, 0),
(520, 1, '11249', 29585967, 29585967, 'silent米虫', '18612937119', 1388123841, 0, 0),
(521, 1, '11251', 34763735, 34763735, '_0℃_', '18648801090', 1388125619, 0, 0),
(522, 1, '11261', 39030347, 39030347, '完事无忧', '15942163066', 1388123108, 0, 0),
(523, 1, '11274', 20790452, 20790452, '小子爱丫头', '18678586623', 1388123778, 0, 1),
(524, 1, '11286', 23151111, 23151111, '粉粉的小米', '13811397920', 1388123911, 0, 0),
(525, 1, '11297', 147904515, 147904515, '薄了微凉', '15901338872', 1388123728, 0, 0),
(526, 1, '11308', 1219587, 7293971, '痞子天使', '13911035234', 1388124476, 0, 0),
(527, 1, '11311', 215367583, 215367583, 'Blari', '13331063776', 1388123975, 0, 0),
(528, 1, '11321', 1985860, 8242949, 'o那个那个o', '15651766336', 1388123635, 0, 0),
(529, 1, '11339', 80647372, 80647372, 'woojun2008', '13503111003', 1388123441, 0, 0),
(530, 1, '11346', 29058238, 29058238, 'qingjing124272', '15010525829', 1388123897, 0, 0),
(531, 1, '11356', 87319949, 87319949, '小飞19871103', '15092419006', 1388123497, 0, 0),
(532, 1, '11369', 36796879, 36796879, 'police55', '13001917571', 1388123595, 0, 0),
(533, 1, '11372', 37495076, 37495076, 'cm6137779', '18701014604', 1388120480, 0, 0),
(534, 1, '11385', 2681342, 9819395, '一斤小米', '13581833398', 1388123770, 0, 0),
(535, 1, '11398', 73021008, 73021008, '敢作敢当真男儿', '18937119657', 1388124351, 0, 0),
(536, 1, '11404', 144481253, 144481253, '夏天里的两滴冰', '13261878669', 1388123395, 0, 0),
(537, 1, '11411', 27000436, 27000436, '娜样般年华', '15035270928', 1388123248, 0, 2),
(538, 1, '11428', 35476556, 35476556, '何林征', '18251171126', 1388122994, 0, 0),
(539, 1, '11438', 173162443, 173162443, '____苦十年', '13311305196', 1388124429, 0, 0),
(540, 1, '11448', 1534681, 7685415, '神马妮妮', '13562559593', 1388120048, 0, 0),
(541, 1, '11455', 39621743, 39621743, '祐瑄熊熊', '15822454934', 1388123053, 0, 0),
(542, 1, '11462', 39684132, 39684132, '奇诺布丁', '13820542869', 1388123553, 0, 0),
(543, 1, '11477', 129126, 2228886, '雪碧', '13581966684', 1388122947, 0, 1),
(544, 1, '11480', 136143069, 136143069, '琴紫～', '13808838010', 1388119619, 0, 0),
(545, 1, '11491', 134077880, 134077880, '马小催', '18511596353', 1388124004, 0, 0),
(546, 1, '11504', 22747045, 22747045, '雨蝶夜飞', '13488723862', 1388124481, 0, 0),
(547, 1, '11510', 2739960, 10109016, 'J8023l', '13426017761', 1388123848, 0, 0),
(548, 1, '11524', 20388000, 20388000, 'L8023Y', '15811276807', 1388124131, 0, 0),
(549, 1, '11539', 23319339, 23319339, '木小白-P', '13718845065', 1388124018, 0, 0),
(550, 1, '11540', 2453743, 9248175, '问天a', '', 1388123829, 0, 0),
(551, 1, '11551', 29062919, 29062919, '尼尔哈伯', '13488878544', 1388123245, 0, 0),
(552, 1, '11561', 28272950, 28272950, '智爱飞飞', '', 1388123744, 0, 0),
(553, 1, '11579', 24426070, 24426070, '车城小艺人', '15566800487', 1388124677, 0, 0),
(554, 1, '11584', 148996179, 148996179, 'panxiaomin', '13641309945', 1388123792, 0, 0),
(555, 1, '11593', 213296350, 213296350, '拿劲童鞋', '13041091863', 1388124307, 0, 0),
(556, 1, '11609', 26688551, 26688551, '犇犇88', '13161176181', 1388124404, 0, 0),
(557, 1, '11615', 81503932, 81503932, '鐡血鎯', '18678712305', 1388123534, 0, 0),
(558, 1, '11624', 36397822, 36397822, '炙热精灵', '15140327627', 1388125386, 0, 1),
(559, 1, '11636', 567412, 6447045, 'guoge110', '18610112034', 1388123986, 0, 2),
(560, 1, '11645', 23634172, 23634172, '我是大乖乖', '15504950724', 1388124104, 0, 0),
(561, 1, '11654', 177426, 631899, 'evershiny', '13718493515', 1388124486, 0, 1),
(562, 1, '11668', 101573142, 101573142, '呆呆0107', '15829474216', 1388123411, 0, 0),
(563, 1, '11672', 14272570, 14272570, '荔枝朋克', '13501055615', 1388123334, 0, 0),
(564, 1, '11683', 201499005, 201499005, '多啦小A梦', '18810609353', 1388123646, 0, 0),
(565, 1, '11692', 28094466, 28094466, '小胖的手机', '15321968813', 0, 0, 0),
(566, 1, '11705', 2337283, 9181412, 'fishlian', '13163112762', 1388124423, 0, 0),
(567, 1, '11715', 16074741, 16074741, '啊天塌了', '13520426558', 1388124598, 0, 0),
(568, 1, '11723', 15095367, 15095367, '程东峰', '1521188528', 1388124592, 0, 0),
(569, 1, '11730', 2872145, 10691943, '小螃蟹004', '18232476969', 1388123196, 0, 2),
(570, 1, '11740', 80309730, 80309730, '信天翁.', '15012601977', 1388120888, 0, 0),
(571, 1, '11754', 5005009, 5005009, '小宁夏004', '13833228658', 1388123184, 0, 0),
(572, 1, '11766', 96205893, 96205893, '起名很难呀唉', '18610815734', 1388124599, 0, 0),
(573, 1, '11773', 436485, 4689622, '陽光小智', '18600128680', 1388124062, 0, 0),
(574, 1, '11784', 42807155, 42807155, '立夏丶', '18682126972', 1388123157, 0, 1),
(575, 1, '11799', 27541280, 27541280, '龙吃米', '15934120701', 1388123152, 0, 0),
(576, 1, '11802', 52033853, 52033853, '杰少008', '18664862123', 1388124407, 0, 0),
(577, 1, '11813', 130882782, 130882782, '费解的小米', '13363863293', 1388124519, 0, 0),
(578, 1, '11821', 32036556, 32036556, '指尖の傷', '13753297855', 1388123178, 0, 0),
(579, 1, '11836', 2667387, 9901119, '我是么么', '13810052406', 1388123195, 0, 0),
(580, 1, '11840', 2240308, 8752095, '悄然飞翔', '15822195291', 1388123515, 0, 0),
(581, 1, '11859', 148107106, 148107106, 'lf6643', '13832310163', 1388124797, 0, 0),
(582, 1, '11868', 81328862, 81328862, '九纹龙520', '13051598643', 1388123105, 0, 2),
(583, 1, '11875', 482641, 6283627, '第三逃兵', '13810880752', 1388126763, 0, 0),
(584, 1, '11889', 82099950, 82099950, '☆狂热MI粉☆', '13581778827', 1388123821, 0, 0),
(585, 1, '11897', 71347073, 71347073, '紫色鱼鱼', '13920606152', 1388123364, 0, 0),
(586, 1, '11900', 113491367, 113491367, '瓶瓶0913', '13811373817', 1388124259, 0, 0),
(587, 1, '11918', 178843115, 178843115, '小米-天津-凤', '13502140934', 1388123318, 0, 0),
(588, 1, '11926', 79236607, 79236607, '小沙子VS米米', '13833312857', 1388123396, 0, 0),
(589, 1, '11937', 2439327, 9205016, '那个谁啊啊', '13426150981', 1388124216, 0, 0),
(590, 1, '11945', 52190, 202593, 'my0512', '', 1388123757, 0, 0),
(591, 1, '11950', 41603072, 41603072, '情深草木', '13911991730', 1388123954, 0, 0),
(592, 1, '11966', 10013, 3869342, '紫风苍炎', '', 1388119858, 0, 0),
(593, 1, '11978', 113409, 3314771, 'luffy_wang', '', 1388123686, 0, 0),
(594, 1, '11986', 14910586, 14910586, '传说枫叶', '', 1388123705, 0, 0),
(595, 1, '11998', 2524270, 9402945, 'sorianne', '', 1388123540, 0, 0);
INSERT INTO `apply` (`id`, `activity_id`, `code`, `uid`, `miid`, `nickname`, `phone`, `sign_dateline`, `sign_off_dateline`, `status`) VALUES
(596, 1, '12008', 13553498, 13553498, 'Formato', '', 1388123720, 0, 2),
(597, 1, '12019', 95748572, 95748572, 'LaylaCat', '', 1388120899, 0, 0),
(598, 1, '12023', 35808553, 35808553, '国际猪', '18502221234', 1388124638, 0, 0),
(599, 1, '12033', 51541549, 51541549, '眼晕刷砖', '', 1388123642, 0, 0),
(600, 1, '12046', 51161268, 51161268, 'wanston', '13810295134', 1388124555, 0, 2),
(601, 1, '12053', 11225599, 11225599, 'tury', '13581570722', 1388124140, 0, 2),
(602, 1, '12065', 2036568, 8313590, 'Demonde', '', 1388124461, 0, 0),
(603, 1, '12073', 517458, 6354590, 'tongxin620', '', 1388123856, 0, 0),
(604, 1, '12083', 38227399, 38227399, '河北酋长', '15822766791', 1388123565, 0, 0),
(605, 1, '12093', 42731906, 42731906, '乌衣魏晋', '', 1388123875, 0, 0),
(606, 1, '12104', 2363139, 9075655, '823760087', '13721691669', 1388123041, 0, 0),
(607, 1, '12112', 48118982, 48118982, '阿贵008', '18063545686', 1388123320, 0, 0),
(608, 1, '12124', 159413725, 159413725, 'Mi.in.T', '922596292', 1388124270, 0, 1),
(609, 1, '12138', 132079646, 132079646, '涛哥小涛哥哥', '18504752989', 1388123465, 0, 0),
(610, 1, '12144', 74622900, 74622900, 'Fate．　挑战', '1352172808', 1388123047, 0, 0),
(611, 1, '12150', 15510283, 15510283, '市井老农', '18800110547', 1388123720, 0, 0),
(612, 1, '12169', 11027781, 11027781, 'chenmeng528', '13205335876', 1388123478, 0, 0),
(613, 1, '12175', 34911956, 34911956, 'nimo0313', '13520876610', 1388124216, 0, 0),
(614, 1, '12188', 48667730, 48667730, '云之舒沙', '18611166019', 1388122982, 0, 0),
(615, 1, '12199', 5005103, 5005103, '幂離G', '', 1388124339, 0, 0),
(616, 1, '12202', 82427799, 82427799, '菲儿宝贝130', '13833279381', 1388123385, 0, 0),
(617, 1, '12219', 32911795, 32911795, '莪哋芯亂釕', '18604359851', 0, 0, 0),
(618, 1, '12224', 24508958, 24508958, '°Djm１x.ろ', '13232227965', 1388119903, 0, 0),
(619, 1, '12233', 171722745, 171722745, 'huoshou', '13521450933', 1388123223, 0, 1),
(620, 1, '12246', 114965455, 114965455, '-FanR', '', 1388119610, 0, 0),
(621, 1, '12259', 108957033, 108957033, '米聊-艾艾', '18612080419', 0, 0, 0),
(622, 1, '12265', 168584623, 168584623, '紫梦芸儿', '15001168630', 1388125714, 0, 0),
(623, 1, '12279', 2428494, 9179115, 'xsxs_88', '13925830068', 1388124083, 0, 0),
(624, 1, '12280', 84567820, 84567820, '我的米粉肉圆', '15010892417', 1388124566, 0, 0),
(625, 1, '12292', 39003842, 39003842, 'babyVC', '13810297011', 1388124434, 0, 0),
(626, 1, '12307', 35715033, 35715033, '止之殇', '18630194842', 1388124233, 0, 0),
(627, 1, '12312', 130604720, 130604720, 'い芜玙倫芘ゾ', '13716585834', 1388123553, 0, 0),
(628, 1, '12329', 29838976, 29838976, '~抹布~', '', 1388119968, 0, 0),
(629, 1, '12338', 153510, 3868251, '老汉玩手机', '13811431925', 1388124316, 0, 0),
(630, 1, '12346', 67230866, 67230866, '心为你而死', '', 1388122968, 0, 1),
(631, 1, '12358', 217405330, 217405330, 'Steven192188', '13051346401', 0, 0, 0),
(632, 1, '12362', 9898763, 9898763, '丶︿淼★', '13863338997', 0, 0, 0),
(633, 1, '12378', 21281427, 21281427, 'Vanh★快乐', '13671214702', 1388123877, 0, 0),
(634, 1, '12387', 109976088, 109976088, '美羊羊YY69', '13910800211', 1388124008, 0, 0),
(635, 1, '12391', 71055028, 71055028, 'euyoung', '', 1388120914, 0, 0),
(636, 1, '12401', 17117870, 17117870, 'ゞ潶の圡ヤ', '18636883012', 1388123019, 0, 0),
(637, 1, '12411', 125792996, 125792996, '韩静吵', '', 1388123129, 0, 0),
(638, 1, '12428', 2838526, 10455549, '古月Ghost', '13718845426', 1388123799, 0, 0),
(639, 1, '12439', 3122870, 3122870, '卓大猫', '', 0, 0, 0),
(640, 1, '12442', 42126279, 42126279, '真心无用', '13623951851', 1388123122, 0, 0),
(641, 1, '12453', 444905, 4805902, 'dazhen2008', '13811960647', 1388124643, 0, 0),
(642, 1, '12460', 29919493, 29919493, '魅影凌霜', '18653392969', 1388122945, 0, 2),
(643, 1, '12474', 44190629, 44190629, '小瑞瑞！@', '13810572931', 1388124261, 0, 1),
(644, 1, '12481', 54623076, 54623076, '陌陌＃', '18610310252', 1388124851, 0, 0),
(645, 1, '12492', 707625, 6637052, '大豆米粒', '18614082155', 1388124517, 0, 0),
(646, 1, '12503', 120397116, 120397116, '阿拉小四', '18710065020', 1388124237, 0, 0),
(647, 1, '12516', 113028793, 113028793, 'wangyiyiqiji', '18710065501', 1388124223, 0, 0),
(648, 1, '12525', 42440369, 42440369, '约翰尼的扑', '15810012083', 1388124476, 0, 0),
(649, 1, '12530', 22951275, 22951275, '冰弦阳', '15376797171', 1388123558, 0, 0),
(650, 1, '12543', 78484179, 78484179, '为了抢米2', '13716363135', 1388124326, 0, 0),
(651, 1, '12550', 29888087, 29888087, '轨迹kay', '18637079710', 1388124125, 0, 0),
(652, 1, '12563', 439358, 4726079, 'stongboy', '13488728479', 1388124924, 0, 0),
(653, 1, '12574', 65695746, 65695746, '双手沾满', '13681163880', 1388124019, 0, 0),
(654, 1, '12585', 151813167, 151813167, 'd80888', '13810211266', 1388124566, 0, 0),
(655, 1, '12590', 42622549, 42622549, '浮浮鼠', '13582906994', 1388123473, 0, 0),
(656, 1, '12600', 10828710, 10828710, '小可乐er', '15931173522', 1388123269, 0, 0),
(657, 1, '12619', 585450, 6472890, '热乎雪糕', '', 1388120041, 0, 0),
(658, 1, '12626', 148855861, 148855861, '三科的和尚', '13717803642', 1388123735, 0, 0),
(659, 1, '12637', 50527219, 50527219, 'wangyanhui920', '18581853171', 1388123213, 0, 0),
(660, 1, '12644', 793157, 6753809, '枫月华舞', '13799986915', 1388123868, 0, 0),
(661, 1, '12659', 64238497, 64238497, '流浪？？', '18813161125', 1388124607, 0, 0),
(662, 1, '12666', 495751, 6315913, 'gzh0929', '13651111952', 1388124426, 0, 1),
(663, 1, '12673', 22490948, 22490948, 'smnhli', '15560297066', 1388123539, 0, 2),
(664, 1, '12682', 43249513, 43249513, '邱俊民', '13522243660', 1388123995, 0, 0),
(665, 1, '12694', 2551099, 9474345, '青春在线', '13601310916', 1388124418, 0, 0),
(666, 1, '12708', 2912967, 390917, '泡面情人节', '18800013513', 1388123712, 0, 0),
(667, 1, '12719', 35952358, 35952358, '土豆love', '13951336097', 1388124143, 0, 0),
(668, 1, '12721', 2546212, 9458905, '依日凉', '13581680799', 1388123448, 0, 0),
(669, 1, '12732', 11677245, 11677245, 'baby小懒', '13552590494', 1388124199, 0, 2),
(670, 1, '12740', 27445407, 27445407, 'ly李文豪', '15969959933', 1388123327, 0, 0),
(671, 1, '12758', 47154762, 47154762, '晴空的皓月', '13653206677', 0, 0, 0),
(672, 1, '12768', 317899, 3907983, 'lancelovelnny', '', 1388123668, 0, 0),
(673, 1, '12775', 1495284, 7634873, '井之水', '', 1388123740, 0, 0),
(674, 1, '12780', 151495277, 151495277, '睡觉的星星', '13522081764', 1388124565, 0, 0),
(675, 1, '12796', 1148653, 7202772, 'Ylem_liu', '13126622996', 1388124434, 0, 0),
(676, 1, '12801', 2234439, 8735441, 'ppa114', '18642003575', 1388123744, 0, 2),
(677, 1, '12815', 752227, 6698608, 'hanxue0125', '13581625949', 1388124123, 0, 0),
(678, 1, '12828', 9872313, 9872313, '爱狗狗的猫', '18701428509', 0, 0, 0),
(679, 1, '12832', 28328117, 28328117, 'pialevelpia', '15901127622', 1388123345, 0, 0),
(680, 1, '12849', 11040070, 11040070, '看丶那边鱼在飞', '13315237810', 1388124539, 0, 0),
(681, 1, '12859', 143643412, 143643412, '芃博', '13601363238', 1388124782, 0, 0),
(682, 1, '12860', 2387992, 9112351, 'huohuo2012', '13426279486', 1388123187, 0, 0),
(683, 1, '12870', 84338987, 84338987, 'lemonnianjia', '13552592801', 1388124366, 0, 0),
(684, 1, '12885', 84252417, 84252417, 'xiaovyu', '13581802513', 1388124110, 0, 0),
(685, 1, '12892', 25036620, 25036620, 'hero19890725', '13693295334', 1388124320, 0, 0),
(686, 1, '12900', 186873275, 186873275, '白雪花花', '15130818955', 1388123035, 0, 0),
(687, 1, '12919', 31014905, 31014905, '1248865666', '13011014011', 1388123569, 0, 0),
(688, 1, '12928', 165535619, 165535619, '米粒知辛苦', '13691119602', 0, 0, 0),
(689, 1, '12932', 26623013, 26623013, 'charlene0318', '13410101283', 1388123016, 0, 0),
(690, 1, '12946', 28726163, 28726163, 'bj_phoenix811', '13501278904', 1388124119, 0, 0),
(691, 1, '12956', 124651167, 124651167, '124651167', '', 1388123457, 0, 0),
(692, 1, '12960', 91419867, 91419867, '不会写诗的诗人', '18612109801', 1388124155, 0, 0),
(693, 1, '12970', 180150081, 180150081, '李义修', '15201565402', 1388124409, 0, 0),
(694, 1, '12981', 1330641, 7429966, '坟场小三', '18509217648', 1388123567, 0, 0),
(695, 1, '12993', 31295446, 31295446, 'liu060815', '18614082112', 1388124284, 0, 0),
(696, 1, '13001', 99824670, 99824670, 'wangjinghe', '15028449580', 1388123271, 0, 2),
(697, 1, '13014', 71677492, 71677492, 'zl.yin', '15313239027', 1388124220, 0, 0),
(698, 1, '13023', 2418281, 9155262, 'ByiloveMIUI', '15501139208', 1388123984, 0, 0),
(699, 1, '13032', 74915050, 74915050, 'abcd_kai', '15313239025', 1388124214, 0, 0),
(700, 1, '13044', 72296621, 72296621, '细雨风尘', '15300326136', 1388123765, 0, 0),
(701, 1, '13059', 20298146, 20298146, '故作无知', '15801601190', 1388124577, 0, 0),
(702, 1, '13065', 32812333, 32812333, '浴生爱米', '18653805139', 1388123962, 0, 0),
(703, 1, '13074', 32800090, 32800090, '米烧友0', '15210119196', 1388123676, 0, 1),
(704, 1, '13084', 157095510, 157095510, '放牧星辰', '', 1388123232, 0, 0),
(705, 1, '13094', 2676228, 8207752, '浪飞千亦雪', '18103706890', 1388123427, 0, 0),
(706, 1, '13103', 54036838, 54036838, '安娜苏，', '18604352032', 1388123737, 0, 0),
(707, 1, '13111', 27182937, 27182937, '凛冽鸿', '15191441366', 1388124107, 0, 1),
(708, 1, '13124', 12373852, 12373852, 'xxxben', '15210524724', 1388123254, 0, 2),
(709, 1, '13133', 143640577, 143640577, 'ifly000', '13810694034', 1388123392, 0, 0),
(710, 1, '13144', 417175, 4458540, '小菜鸟A', '18601113287', 1388124495, 0, 0),
(711, 1, '13158', 158745909, 158745909, 'xue_hua', '18310354635', 1388124310, 0, 0),
(712, 1, '13167', 2703896, 10036935, 'bingo陈莹', '18610366984', 0, 0, 0),
(713, 1, '13173', 453130, 6075127, 'freedou', '18697133512', 1388123200, 0, 0),
(714, 1, '13188', 30243117, 30243117, 'w完美', '15811085556', 0, 0, 0),
(715, 1, '13192', 2281311, 8865713, '阿道夫路飞', '13753710731', 1388124516, 0, 1),
(716, 1, '13201', 104971402, 104971402, '凯新★臭小子', '13691530555', 1388123881, 0, 0),
(717, 1, '13210', 156799257, 156799257, '元老屌丝', '18510237740', 1388124342, 0, 0),
(718, 1, '13226', 2388190, 9112623, '爱摄哥', '', 1388124400, 0, 0),
(719, 1, '13238', 91909418, 91909418, '森海林涛', '13552818900', 1388124082, 0, 0),
(720, 1, '13243', 89069749, 89069749, 'ZhouBinQiang', '18612368968', 1388124249, 0, 0),
(721, 1, '13256', 37977375, 37977375, '尛丶鑫', '13944946541', 1388123802, 0, 0),
(722, 1, '13264', 27788678, 27788678, '醒目男人味', '18636682202', 1388123274, 0, 0),
(723, 1, '13272', 81684567, 81684567, 'HAN韩杰', '15001111670', 1388123009, 0, 0),
(724, 1, '13283', 30296233, 30296233, '孤单快了', '13311002216', 1388123327, 0, 0),
(725, 1, '13295', 23442250, 23442250, 'vicings', '18911716687', 1388123972, 0, 0),
(726, 1, '13309', 70992370, 70992370, 'lzqa675', '', 1388123063, 0, 0),
(727, 1, '13316', 36994058, 36994058, 'fengyuzhe58', '13653240088', 1388124370, 0, 0),
(728, 1, '13320', 54866181, 54866181, 'FBNSONG', '15652144321', 1388124352, 0, 0),
(729, 1, '13334', 23664149, 23664149, '_喵小爱', '15266177079', 1388123033, 0, 0),
(730, 1, '13345', 171760639, 171760639, '旧梦呦', '15727374080', 1388123547, 0, 0),
(731, 1, '13351', 91374943, 91374943, 'liu125hui', '13120323041', 1388124442, 0, 1),
(732, 1, '13368', 30387558, 30387558, '_兔司机_', '18701093765', 1388123811, 0, 0),
(733, 1, '13377', 217235106, 217235106, '咖啡光光', '13465946806', 1388123173, 0, 0),
(734, 1, '13389', 48672035, 48672035, '杨雷杰', '18210153108', 1388124194, 0, 0),
(735, 1, '13397', 37018828, 37018828, 'cai963311', '13930499026', 1388123307, 0, 0),
(736, 1, '13400', 9575712, 9575712, '暗夜守护119', '18663507118', 1388124145, 0, 0),
(737, 1, '13417', 352182, 3384820, 'xfz347', '', 1388123698, 0, 0),
(738, 1, '13428', 2523035, 9400736, '米果蛋', '18330678639', 1388123875, 0, 0),
(739, 1, '13438', 12174297, 12174297, '清风已过', '15001298511', 1388124177, 0, 0),
(740, 1, '13445', 181366736, 181366736, '181366736', '13718305106', 1388123722, 0, 1),
(741, 1, '13452', 47324660, 47324660, 'redjade7', '18001298417', 1388124188, 0, 1),
(742, 1, '13465', 11169288, 11169288, '咸咖啡', '18632127786', 1388123316, 0, 0),
(743, 1, '13472', 184565945, 184565945, '宸宸7429', '13602088799', 1388123895, 0, 0),
(744, 1, '13483', 31130827, 31130827, '小楠150', '18810439478', 0, 0, 0),
(745, 1, '13495', 2193965, 8607459, '芬儿老公', '13426293325', 1388124092, 0, 0),
(746, 1, '13507', 65685585, 65685585, '王少', '13261662560', 1388124237, 0, 0),
(747, 1, '13512', 9678156, 9678156, '振通达', '18606801015', 1388124089, 0, 2),
(748, 1, '13521', 172928077, 172928077, '蓝色的狂风', '15101180951', 1388124580, 0, 0),
(749, 1, '13533', 31476527, 31476527, '789阳阳', '13718691654', 1388124171, 0, 0),
(750, 1, '13548', 124491391, 124491391, '啥时候有小米3', '15001245239', 1388124242, 0, 0),
(751, 1, '13555', 34310989, 34310989, '可爱逃', '13811943320', 1388123505, 0, 0),
(752, 1, '13561', 2657221, 9855539, 'flow8', '18810655773', 1388124239, 0, 0),
(753, 1, '13572', 119546556, 119546556, '控制狂°', '18317503508', 1388124094, 0, 0),
(754, 1, '13581', 178393495, 178393495, '动调有吗？动调', '18696137760', 1388125443, 0, 0),
(755, 1, '13597', 1520406, 7666063, '轻天w', '18600423693', 1388123139, 0, 0),
(756, 1, '13601', 12561965, 12561965, '水中捡月', '18611647023', 1388124252, 0, 0),
(757, 1, '13614', 16707611, 16707611, '@孩儿她爹@', '15631217164', 1388124385, 0, 0),
(758, 1, '13626', 13913193, 13913193, 'wukefan', '18611041220', 1388124272, 0, 0),
(759, 1, '13635', 79525655, 79525655, '优蛋精灵', '13621095184', 1388124269, 0, 1),
(760, 1, '13649', 189878, 8945210, 'ikarusray', '13488708390', 1388124300, 0, 0),
(761, 1, '13659', 72666208, 72666208, 'imax刻骨', '', 1388124140, 0, 0),
(762, 1, '13662', 10814997, 10814997, 'formean', '15210684419', 1388124153, 0, 0),
(763, 1, '13674', 30597075, 30597075, 'cuishuai757', '15652264962', 1388124746, 0, 0),
(764, 1, '13682', 81510989, 81510989, '陈志鹏哎', '15652266334', 1388124498, 0, 0),
(765, 1, '13691', 23178416, 23178416, 'skc大米', '15210970538', 1388124627, 0, 0),
(766, 1, '13703', 521520, 6362033, '太阳的泪花', '15863870918', 1388123117, 0, 0),
(767, 1, '13710', 69436868, 69436868, '郭少飞', '18301181612', 1388124026, 0, 0),
(768, 1, '13723', 28373962, 28373962, '依然挑逗', '15905476231', 1388123079, 0, 0),
(769, 1, '13735', 45451087, 45451087, '浮云小崔', '13833399237', 1388123700, 0, 0),
(770, 1, '13744', 27732326, 27732326, '小鱼儿66', '13450022266', 0, 0, 0),
(771, 1, '13755', 83214942, 83214942, '杨星河', '15505103758', 1388123276, 0, 2),
(772, 1, '13769', 23124091, 23124091, 'an卓越', '15101175116', 1388124215, 0, 0),
(773, 1, '13776', 1783819, 7987053, '提防小人', '13521178555', 1388123114, 0, 0),
(774, 1, '13783', 33281561, 33281561, '叶子1019', '18612564119', 1388123688, 0, 0),
(775, 1, '13799', 25419883, 25419883, '斯诺克er', '18631671780', 1388124459, 0, 0),
(776, 1, '13806', 10887066, 10887066, '配角磊哥', '18622455722', 1388123331, 0, 0),
(777, 1, '13819', 51350738, 51350738, '兽医-米哥', '15810800119', 1388123874, 0, 0),
(778, 1, '13828', 35176699, 35176699, '我和心世界', '18101360795', 1388124377, 0, 0),
(779, 1, '13833', 27931733, 27931733, '2012淡定', '18010197918', 1388123779, 0, 0),
(780, 1, '13848', 81448986, 81448986, '_childy_', '15811299712', 1388124538, 0, 0),
(781, 1, '13859', 2556229, 9502318, 'w轻天', '13051934993', 1388123309, 0, 0),
(782, 1, '13864', 2601577, 9665715, 'fuqiangiqwd', '18600757068', 1388123697, 0, 0),
(783, 1, '13877', 23800757, 23800757, 'wenzhulove', '18610628776', 1388123750, 0, 0),
(784, 1, '13888', 141639822, 141639822, '今夜晓雨', '18669377023', 1388124074, 0, 0),
(785, 1, '13896', 198506781, 198506781, '丫丫猪猪212', '18511136605', 1388124197, 0, 0),
(786, 1, '13906', 29988791, 29988791, '→空→空→', '13472279984', 1388124663, 0, 0),
(787, 1, '13917', 161419193, 161419193, '有些执着妳不懂', '18810476904', 0, 0, 0),
(788, 1, '13924', 61658670, 61658670, '啊哦猪头粉', '18610123344', 1388124443, 0, 0),
(789, 1, '13937', 127571839, 127571839, '王刚狼', '18811370049', 1388124281, 0, 0),
(790, 1, '13942', 20391068, 20391068, '米粉手机控', '15010125127', 1388123665, 0, 0),
(791, 1, '13954', 1046258, 7073018, 'lyjwa', '13188930532', 1388123201, 0, 0),
(792, 1, '13968', 104251326, 104251326, '让我吧', '15075074389', 1388123793, 0, 0),
(793, 1, '13972', 9667232, 9667232, '喵呜君', '15652628902', 1388123072, 0, 2),
(794, 1, '13988', 88571907, 88571907, '那十年', '18559681221', 1388123613, 0, 0),
(795, 1, '13997', 23751816, 23751816, '多啦梦B', '15998848381', 1388122984, 0, 0),
(796, 1, '14002', 61519131, 61519131, '海棠1984', '13488823931', 1388124516, 0, 0),
(797, 1, '14014', 29947016, 29947016, '土豆丝里', '18610010404', 1388124190, 0, 0),
(798, 1, '14024', 2411832, 9145440, 's-sl', '18612965682', 1388124226, 0, 0),
(799, 1, '14031', 25347862, 25347862, 'stand_by_me', '13100668292', 1388124639, 0, 2),
(800, 1, '14041', 108816930, 108816930, '木卡', '18910528153', 1388124153, 0, 0),
(801, 1, '14050', 112973826, 112973826, '天天唯爱芬', '15810991602', 1388123883, 0, 0),
(802, 1, '14062', 133430071, 133430071, 'songuo123', '15652786606', 0, 0, 0),
(803, 1, '14077', 2626268, 9745908, '刘星军', '15137165509', 0, 0, 0),
(804, 1, '14081', 33063518, 33063518, 'a84876014', '18001126864', 1388124213, 0, 0),
(805, 1, '14091', 163161879, 163161879, 'narutosjn', '15210576360', 0, 0, 0),
(806, 1, '14103', 122209331, 122209331, 'doumo0958', '', 1388124352, 0, 0),
(807, 1, '14117', 2228, 3745798, 'Aesop', '', 1388124439, 0, 0),
(808, 1, '14122', 29013796, 29013796, 'hanyuo_o', '15210618182', 1388123602, 0, 0),
(809, 1, '14138', 132495961, 132495961, '米米米有爱', '13717868801', 1388124462, 0, 0),
(810, 1, '14141', 336454, 3574375, '高蛋蛋', '18653835008', 1388123795, 0, 0),
(811, 1, '14158', 2739155, 10111819, 'lidenghang', '18611902232', 1388124506, 0, 1),
(812, 1, '14160', 167763679, 167763679, 'ゞ頑強的石頭', '13675773660', 1388124944, 0, 1),
(813, 1, '14175', 64789553, 64789553, 'ellvincent', '18701608639', 1388124024, 0, 0),
(814, 1, '14180', 74563696, 74563696, '浪迹天涯9091', '18201625141', 1388123089, 0, 0),
(815, 1, '14197', 36950072, 36950072, '等伱嗳ω吧', '18500296382', 1388123113, 0, 0),
(816, 1, '14206', 73780760, 73780760, 'Taoye1989', '18301619373', 1388126000, 0, 0),
(817, 1, '14218', 1599585, 7770727, 'WFD803', '15210632183', 0, 0, 0),
(818, 1, '14224', 26390311, 26390311, '蛋蛋的路过', '15385159958', 1388123371, 0, 0),
(819, 1, '14236', 29232000, 29232000, 'つ鈊佷痌', '18612968304', 1388123973, 0, 0),
(820, 1, '14247', 106899565, 106899565, '小高666', '15010556437', 1388124074, 0, 0),
(821, 1, '14253', 18149321, 18149321, '游亚鱼', '15010509855', 1388124201, 0, 0),
(822, 1, '14263', 2822621, 10365230, '玮琦绝伦', '13931996772', 1388123428, 0, 0),
(823, 1, '14276', 132381913, 132381913, 'lvscience', '18643095161', 1388124596, 0, 0),
(824, 1, '14286', 18275128, 18275128, '孟星魂', '15910774972', 1388123467, 0, 0),
(825, 1, '14293', 124587655, 124587655, '薄凉先森', '15910576875', 1388124224, 0, 0),
(826, 1, '14300', 46551793, 46551793, 'miss々斌', '18666931572', 1388124390, 0, 0),
(827, 1, '14313', 24375645, 24375645, '浅唱6107', '18600978937', 1388124366, 0, 0),
(828, 1, '14323', 71990030, 71990030, '字儿二代～', '13269373708', 1388124451, 0, 0),
(829, 1, '14330', 2427691, 9176516, '关之小狼', '18600068162', 1388125111, 0, 0),
(830, 1, '14348', 246955, 3322745, 'yuer2001000', '18600621867', 1388124316, 0, 0),
(831, 1, '14356', 34105162, 34105162, '枫中的雨', '13241436658', 1388125046, 0, 0),
(832, 1, '14369', 73619343, 73619343, '言一一一', '18610394580', 1388124358, 0, 0),
(833, 1, '14377', 88110925, 88110925, '米财米财', '13621132010', 1388126432, 0, 1),
(834, 1, '14387', 166151488, 166151488, '五色小斑斓', '18600556695', 1388123828, 0, 0),
(835, 1, '14396', 150561296, 150561296, '翔哥哥2s', '18146543565', 0, 0, 0),
(836, 1, '14400', 15320779, 15320779, '胖仔知道', '18838029864', 1388123204, 0, 0),
(837, 1, '14416', 2212819, 8669008, '古古立', '15510262193', 1388123923, 0, 0),
(838, 1, '14420', 169591656, 169591656, 'walleliu', '13141368692', 0, 0, 0),
(839, 1, '14439', 80848266, 80848266, '忧郁的冰咖啡', '13932180411', 1388123374, 0, 2),
(840, 1, '14449', 42104965, 42104965, '酱小淘', '15652964044', 1388124549, 0, 0),
(841, 1, '14452', 37230826, 37230826, '杜金海', '15313643039', 1388124498, 0, 0),
(842, 1, '14465', 37231072, 37231072, '蒋宏佳', '15313643001', 1388124333, 0, 0),
(843, 1, '14473', 37231281, 37231281, '张小岩esa', '15313643040', 1388123924, 0, 0),
(844, 1, '14481', 67226396, 67226396, 'wzw不抛弃不放弃', '15652814281', 1388123891, 0, 0),
(845, 1, '14495', 723497, 6660979, 'bravoaq', '15810885622', 1388125066, 0, 0),
(846, 1, '14506', 148813476, 148813476, '迷恋小米669', '15510281937', 1388124462, 0, 0),
(847, 1, '14516', 45034756, 45034756, '物小丫', '13331088647', 1388124536, 0, 0),
(848, 1, '14524', 39008442, 39008442, '王文宾', '15313643027', 1388124061, 0, 0),
(849, 1, '14531', 212816379, 212816379, '米米华迷', '13241768869', 1388124426, 0, 0),
(850, 1, '14549', 102559141, 102559141, 'Veir605', '18710031659', 1388124022, 0, 0),
(851, 1, '14550', 59375751, 59375751, '土土V', '15201514290', 1388123990, 0, 0),
(852, 1, '14568', 69616456, 69616456, 'J.kellerman', '13811671484', 0, 0, 0),
(853, 1, '14573', 133446896, 133446896, '卡卡—1988', '15001258117', 1388123757, 0, 0),
(854, 1, '14581', 180674636, 180674636, '畅畅selene', '15001286117', 1388123764, 0, 0),
(855, 1, '14594', 2314660, 8943745, '雪花人生', '15810539282', 1388124920, 0, 0),
(856, 1, '14600', 189185152, 189185152, 'MI-普罗旺斯', '18729011608', 1388123238, 0, 0),
(857, 1, '14614', 155402830, 155402830, '土豪虾米', '13810811316', 0, 0, 0),
(858, 1, '14628', 39539838, 39539838, '三泥尼', '15175116645', 1388124823, 0, 1),
(859, 1, '14635', 25708445, 25708445, '相遇灬邂逅', '15938106658', 0, 0, 0),
(860, 1, '14646', 2891396, 2732880, 'bakerwm', '13910849125', 1388123827, 0, 0),
(861, 1, '14655', 30175375, 30175375, '孤单暗星空', '15829381705', 1388124026, 0, 0),
(862, 1, '14662', 176642183, 176642183, 'moqing1212', '18612464361', 1388124211, 0, 0),
(863, 1, '14676', 18385107, 18385107, '莫青123', '15001053770', 1388124232, 0, 0),
(864, 1, '14684', 2197263, 682841, '白小白蛋白', '18910326505', 1388123753, 0, 0),
(865, 1, '14697', 30697580, 30697580, '捷克朱', '13701074427', 1388124245, 0, 0),
(866, 1, '14707', 326108, 3411663, '丶难分', '13001977026', 1388123525, 0, 0),
(867, 1, '14718', 85328525, 85328525, '★宝贝♀不哭★', '15210745780', 1388123837, 0, 0),
(868, 1, '14720', 49128557, 49128557, 'wodeai05', '18810457790', 1388123905, 0, 0),
(869, 1, '14731', 24622330, 24622330, '魏-魏', '13811058242', 1388124048, 0, 0),
(870, 1, '14742', 152188499, 152188499, '右手的流年', '15031977579', 1388124087, 0, 0),
(871, 1, '14755', 186651941, 186651941, '紫色的妖精', '15210698978', 1388124169, 0, 0),
(872, 1, '14768', 28317069, 28317069, '爱chen', '18612566849', 1388123899, 0, 0),
(873, 1, '14775', 99306525, 99306525, 'Dr.偏执', '15033800836', 1388124066, 0, 0),
(874, 1, '14786', 1976571, 8231187, '德丶希特勒', '18210277268', 1388123064, 0, 0),
(875, 1, '14794', 558545, 6432566, 'bluemarsh', '13810055206', 1388123729, 0, 0),
(876, 1, '14804', 30059479, 30059479, '30059479', '18701115762', 1388123629, 0, 0),
(877, 1, '14812', 24900956, 24900956, '凯哥@', '15196644094', 1388123261, 0, 0),
(878, 1, '14829', 2740801, 10114490, '羽衣甘蓝bj', '13811666362', 1388124262, 0, 0),
(879, 1, '14834', 37550785, 37550785, 'ai羽', '13811168086', 1388124287, 0, 0),
(880, 1, '14843', 2195576, 8612506, '蓝色欲望', '18552056066', 1388124127, 0, 1),
(881, 1, '14851', 30451437, 30451437, '大马棒', '13717634995', 1388123451, 0, 0),
(882, 1, '14866', 28154691, 28154691, 'hahahahabb', '13520351024', 1388124586, 0, 0),
(883, 1, '14878', 29418539, 29418539, '悦_陌', '', 1388123181, 0, 0),
(884, 1, '14888', 76776656, 76776656, 'AAPR', '18618245109', 1388123165, 0, 0),
(885, 1, '14899', 27648531, 27648531, 'yangyanghuijia', '13811428652', 0, 0, 0),
(886, 1, '14902', 9406303, 9406303, '我为MI2狂', '15652906492', 1388124041, 0, 0),
(887, 1, '14916', 151599351, 151599351, 'free46000', '18201173713', 1388124519, 0, 0),
(888, 1, '14925', 144976039, 144976039, '思灵羽翼2', '18211097215', 1388124150, 0, 0),
(889, 1, '14936', 20373166, 20373166, '高晨0412', '18642286273', 1388124368, 0, 0),
(890, 1, '14947', 65776643, 65776643, 'lao.peng', '15300180908', 0, 0, 0),
(891, 1, '14956', 167769326, 167769326, '多肉小猫', '13811421189', 1388124633, 0, 0),
(892, 1, '14964', 96281972, 96281972, 'a远', '18610733202', 1388124165, 0, 0),
(893, 1, '14974', 1271235, 7354395, 'dcr58239', '13810815005', 1388123355, 0, 0),
(894, 1, '14988', 20266988, 20266988, '小子哥哥', '18611107778', 1388123908, 0, 0),
(895, 1, '14994', 97885627, 97885627, '裸奔狐狸', '13718398878', 1388124589, 0, 0),
(896, 1, '15003', 11906812, 11906812, '空圣逍遥', '18810577895', 1388123821, 0, 0),
(897, 1, '15019', 23650226, 23650226, 'wajiga', '13522545123', 1388123469, 0, 0),
(898, 1, '15027', 114341120, 114341120, 'hjq593302679', '15201512141', 1388123809, 0, 2),
(899, 1, '15032', 23085632, 23085632, '一米阳銧', '18511922379', 1388124526, 0, 0),
(900, 1, '15042', 71656376, 71656376, '小火鸡毛', '18634677692', 1388124525, 0, 0),
(901, 1, '15052', 36752981, 36752981, '小任？？？', '15011403963', 1388124687, 0, 2),
(902, 1, '15066', 79152528, 79152528, 'dmmiumiu', '15600624904', 1388123149, 0, 2),
(903, 1, '15076', 7183, 3288735, 'microsoft_hu', '18611116391', 1388123619, 0, 0),
(904, 1, '15087', 158045502, 158045502, '我是沉心', '18810362093', 1388124005, 0, 0),
(905, 1, '15095', 26385213, 26385213, 'feixiiang', '13811664990', 1388123534, 0, 0),
(906, 1, '15102', 45989697, 45989697, 'cuifengchao888', '18611242623', 1388124083, 0, 0),
(907, 1, '15114', 148263061, 148263061, 'dytlove', '15501027758', 1388124035, 0, 0),
(908, 1, '15123', 2861066, 10618902, '武浪之歌', '13811771895', 1388124488, 0, 0),
(909, 1, '15133', 68155435, 68155435, 'ender东', '13810697212', 1388124270, 0, 0),
(910, 1, '15144', 161108862, 161108862, '雷总买不到啊', '13718657518', 1388123644, 0, 0),
(911, 1, '15157', 92946698, 92946698, '泡菜海妖', '13466415152', 1388124544, 0, 0),
(912, 1, '15164', 28849638, 28849638, '织网网', '15300110613', 1388124448, 0, 0),
(913, 1, '15172', 16273097, 16273097, '电视侠', '15201286492', 1388124588, 0, 0),
(914, 1, '15186', 64947508, 64947508, '硕薇', '15811167396', 1388123002, 0, 0),
(915, 1, '15191', 177875776, 177875776, '米2S爱', '15001212116', 1388123234, 0, 0),
(916, 1, '15207', 149205192, 149205192, '小米大大英雄', '15652237543', 0, 0, 0),
(917, 1, '15218', 118573661, 118573661, '雪朵哇哇', '15801625396', 1388124509, 0, 0),
(918, 1, '15226', 215912732, 215912732, '智幼师太', '18611581671', 1388124474, 0, 0),
(919, 1, '15237', 409849, 4366763, '喵大爷', '18911209805', 1388125053, 0, 0),
(920, 1, '15245', 98322136, 98322136, '温晓不得平', '18600971831', 1388123940, 0, 0),
(921, 1, '15258', 150503226, 150503226, '墨迹北京', '15810966918', 1388124323, 0, 0),
(922, 1, '15263', 2802931, 10265283, '蓝色梧桐雨', '18610040224', 1388124090, 0, 0),
(923, 1, '15272', 47941765, 47941765, '玉米聪聪', '13717686310', 1388124683, 0, 0),
(924, 1, '15286', 141357566, 141357566, '用心欺骗', '18331130624', 1388123415, 0, 0),
(925, 1, '15292', 39332171, 39332171, '山_设计师0', '18610318852', 1388123963, 0, 0),
(926, 1, '15302', 972266, 6978193, 'junyshu', '13810658079', 0, 0, 0),
(927, 1, '15314', 28051913, 28051913, 'wawababa521', '13520070400', 1388124082, 0, 0),
(928, 1, '15328', 24820099, 24820099, '那么回事', '', 1388123720, 0, 0);

-- --------------------------------------------------------

--
-- 表的结构 `article`
--

CREATE TABLE IF NOT EXISTS `article` (
  `id` int(10) NOT NULL AUTO_INCREMENT,
  `category_id` int(10) NOT NULL,
  `title` varchar(30) NOT NULL,
  `image_path` varchar(300) DEFAULT NULL,
  `description` varchar(200) DEFAULT NULL,
  `content` text NOT NULL,
  `position` varchar(300) DEFAULT NULL COMMENT '推荐位id，多个之间以,分割',
  `dateline` int(10) NOT NULL,
  PRIMARY KEY (`id`),
  KEY `uid` (`category_id`),
  KEY `site_id` (`category_id`)
) ENGINE=InnoDB  DEFAULT CHARSET=utf8 COMMENT='文章' AUTO_INCREMENT=23 ;

--
-- 转存表中的数据 `article`
--

INSERT INTO `article` (`id`, `category_id`, `title`, `image_path`, `description`, `content`, `position`, `dateline`) VALUES
(1, 7, 'PHP如何操作MySQL？', 'http://hipeak.qiyehui.com.cn/template/images/list_1.jpg', '', '请自行百度', '', 1389876644),
(3, 7, 'PHP如何操作SQLite', 'http://hipeak.qiyehui.com.cn/template/images/list_3.jpg', '', '请自行百度', '', 1389876644),
(4, 7, 'PHP如何操作Memcache', NULL, '', '请自行百度', '', 1389876644),
(5, 7, 'PHP如何操作SQLite', NULL, '', '请自行百度', '', 1389876644),
(6, 7, 'PHP如何操作SQLite', NULL, '', '请自行百度', '', 1389876644),
(7, 7, 'PHP如何操作SQLite', NULL, '', '请自行百度', '', 1389876644),
(8, 7, 'PHP如何操作SQLite', 'http://hipeak.qiyehui.com.cn/template/images/list_1.jpg', '', '请自行百度', '', 1389876644),
(9, 8, 'PHP如何操作SQLite 1', NULL, '', '请自行百度', '', 1389876644),
(10, 8, 'PHP如何操作SQLite 2', NULL, '', '请自行百度', '', 1389876644),
(11, 8, 'PHP如何操作SQLite 3', 'http://hipeak.qiyehui.com.cn/template/images/list_3.jpg', '', '请自行百度', '', 1389876644),
(12, 8, 'PHP如何操作SQLite 4', NULL, '', '请自行百度', '', 1389876644),
(13, 8, 'PHP如何操作SQLite 5', NULL, '', '请自行百度', '', 1389876644),
(14, 8, 'PHP如何操作SQLite 6', NULL, '', '请自行百度', '', 1389876644),
(15, 8, 'PHP如何操作SQLite 7', NULL, '', '请自行百度', '', 1389876644),
(16, 9, 'PHP如何操作Access 1', NULL, '', '请自行百度', '', 1389876644),
(17, 9, 'PHP如何操作Access 2', 'http://hipeak.qiyehui.com.cn/template/images/list_1.jpg', '', '请自行百度', '', 1389876644),
(18, 9, 'PHP如何操作Access 3', 'http://hipeak.qiyehui.com.cn/template/images/list_3.jpg', '', '请自行百度', '', 1389876644),
(19, 9, 'PHP如何操作Access 4', 'http://hipeak.qiyehui.com.cn/template/images/list_4.jpg', '', '请自行百度', '', 1389876644),
(20, 9, 'PHP如何操作Access 5', 'http://hipeak.qiyehui.com.cn/template/images/list_2.jpg', '', '请自行百度', '', 1389876644),
(21, 9, 'PHP如何操作Access 6', 'http://hipeak.qiyehui.com.cn/template/images/list_1.jpg', '', '请自行百度', '', 1389876644),
(22, 9, 'PHP如何操作Access 7', 'http://hipeak.qiyehui.com.cn/template/images/list_3.jpg', '', '请自行百度', '', 1389876644);

-- --------------------------------------------------------

--
-- 表的结构 `article_category`
--

CREATE TABLE IF NOT EXISTS `article_category` (
  `id` int(10) NOT NULL AUTO_INCREMENT,
  `site_id` int(10) NOT NULL,
  `parent_id` int(10) NOT NULL,
  `name` varchar(100) NOT NULL,
  `description` varchar(500) DEFAULT NULL,
  PRIMARY KEY (`id`),
  KEY `site_id` (`site_id`)
) ENGINE=InnoDB  DEFAULT CHARSET=utf8 AUTO_INCREMENT=10 ;

--
-- 转存表中的数据 `article_category`
--

INSERT INTO `article_category` (`id`, `site_id`, `parent_id`, `name`, `description`) VALUES
(1, 1, 0, '野外培训', '激发学员生存、求生意识，学员通过该培训可激发出对生活、对企业的更进一步激情。'),
(2, 1, 0, '产品介绍3', ''),
(5, 2, 0, '小米活动', ''),
(7, 1, 1, '野外求生', '激发学员生存、求生意识，学员通过该培训可激发出对生活、对企业的更进一步激情。'),
(8, 1, 1, '野外穿越', '激发学员生存、求生意识，学员通过该培训可激发出对生活、对企业的更进一步激情。'),
(9, 1, 1, '荒野生存', '激发学员生存、求生意识，学员通过该培训可激发出对生活、对企业的更进一步激情。');

-- --------------------------------------------------------

--
-- 表的结构 `article_category_slide`
--

CREATE TABLE IF NOT EXISTS `article_category_slide` (
  `id` int(10) NOT NULL AUTO_INCREMENT,
  `category_id` int(10) NOT NULL,
  `title` varchar(100) NOT NULL,
  `image_path` varchar(300) NOT NULL,
  `url` varchar(300) NOT NULL,
  `order_count` int(10) NOT NULL DEFAULT '999',
  `dateline` int(10) NOT NULL,
  PRIMARY KEY (`id`),
  KEY `site_id` (`category_id`)
) ENGINE=InnoDB  DEFAULT CHARSET=utf8 AUTO_INCREMENT=11 ;

--
-- 转存表中的数据 `article_category_slide`
--

INSERT INTO `article_category_slide` (`id`, `category_id`, `title`, `image_path`, `url`, `order_count`, `dateline`) VALUES
(1, 2, '小米社区爆米花年度盛典', 'http://zt.xiaomi.cn/bbszt/zj/gyz/jiaodiantu/20131217/4.jpg', 'http://pai.xiaomi.cn/view/pid/3151', 999, 1389876644),
(3, 3, '小米社区爆米花年度盛典', 'http://zt.xiaomi.cn/bbszt/zj/gyz/jiaodiantu/20131217/4.jpg', 'http://pai.xiaomi.cn/view/pid/3151', 999, 1389876644),
(4, 1, '野外生存', 'http://zt.xiaomi.cn/bbszt/zj/gyz/jiaodiantu/20131217/4.jpg', 'http://pai.xiaomi.cn/view/pid/3151', 999, 1389876644),
(5, 1, '野外生存', 'http://zt.xiaomi.cn/bbszt/zj/gyz/jiaodiantu/20131217/4.jpg', 'http://pai.xiaomi.cn/view/pid/3151', 999, 1389876644),
(6, 7, '小米社区爆米花年度盛典', 'http://zt.xiaomi.cn/bbszt/zj/gyz/jiaodiantu/20131217/4.jpg', 'http://pai.xiaomi.cn/view/pid/3151', 999, 1389876644),
(7, 7, '小米社区爆米花年度盛典', 'http://zt.xiaomi.cn/bbszt/zj/gyz/jiaodiantu/20131217/4.jpg', 'http://pai.xiaomi.cn/view/pid/3151', 999, 1389876644),
(8, 7, '小米社区爆米花年度盛典', 'http://zt.xiaomi.cn/bbszt/zj/gyz/jiaodiantu/20131217/4.jpg', 'http://pai.xiaomi.cn/view/pid/3151', 999, 1389876644),
(9, 7, '小米社区爆米花年度盛典', 'http://zt.xiaomi.cn/bbszt/zj/gyz/jiaodiantu/20131217/4.jpg', 'http://pai.xiaomi.cn/view/pid/3151', 999, 1389876644),
(10, 7, '小米社区爆米花年度盛典', 'http://zt.xiaomi.cn/bbszt/zj/gyz/jiaodiantu/20131217/4.jpg', 'http://pai.xiaomi.cn/view/pid/3151', 999, 1389876644);

-- --------------------------------------------------------

--
-- 表的结构 `AuthAssignment`
--

CREATE TABLE IF NOT EXISTS `AuthAssignment` (
  `itemname` varchar(64) NOT NULL,
  `userid` varchar(64) NOT NULL,
  `bizrule` text,
  `data` text,
  PRIMARY KEY (`itemname`,`userid`)
) ENGINE=MyISAM DEFAULT CHARSET=utf8;

--
-- 转存表中的数据 `AuthAssignment`
--

INSERT INTO `AuthAssignment` (`itemname`, `userid`, `bizrule`, `data`) VALUES
('Admin', '1', NULL, 'N;'),
('Authenticated', '1', NULL, 'N;'),
('Guest', '1', NULL, 'N;'),
('Admin', '3', NULL, 'N;'),
('Admin', '2', NULL, 'N;');

-- --------------------------------------------------------

--
-- 表的结构 `AuthItem`
--

CREATE TABLE IF NOT EXISTS `AuthItem` (
  `name` varchar(64) NOT NULL,
  `type` int(11) NOT NULL,
  `description` text,
  `bizrule` text,
  `data` text,
  PRIMARY KEY (`name`)
) ENGINE=MyISAM DEFAULT CHARSET=utf8;

--
-- 转存表中的数据 `AuthItem`
--

INSERT INTO `AuthItem` (`name`, `type`, `description`, `bizrule`, `data`) VALUES
('Admin', 2, NULL, NULL, 'N;'),
('Authenticated', 2, NULL, NULL, 'N;'),
('Guest', 2, NULL, NULL, 'N;');

-- --------------------------------------------------------

--
-- 表的结构 `AuthItemChild`
--

CREATE TABLE IF NOT EXISTS `AuthItemChild` (
  `parent` varchar(64) NOT NULL,
  `child` varchar(64) NOT NULL,
  PRIMARY KEY (`parent`,`child`),
  KEY `child` (`child`)
) ENGINE=MyISAM DEFAULT CHARSET=utf8;

-- --------------------------------------------------------

--
-- 表的结构 `buy_offer`
--

CREATE TABLE IF NOT EXISTS `buy_offer` (
  `id` int(10) NOT NULL AUTO_INCREMENT,
  `site_id` int(10) NOT NULL,
  `name` varchar(20) NOT NULL,
  `message` varchar(200) DEFAULT NULL,
  `count` int(10) NOT NULL,
  `expiration_date` int(10) NOT NULL,
  `dateline` int(10) NOT NULL,
  PRIMARY KEY (`id`),
  KEY `uid` (`site_id`)
) ENGINE=InnoDB  DEFAULT CHARSET=utf8 COMMENT='求购信息' AUTO_INCREMENT=5 ;

--
-- 转存表中的数据 `buy_offer`
--

INSERT INTO `buy_offer` (`id`, `site_id`, `name`, `message`, `count`, `expiration_date`, `dateline`) VALUES
(1, 1, 'test', 'test message.', 100, 1380390993, 1380390993),
(2, 1, 'test', 'test message.', 100, 1380391001, 1380391001),
(3, 1, 'test', 'test message.', 100, 1380391002, 1380391002),
(4, 1, 'test', 'test message.', 100, 1380391014, 1380391014);

-- --------------------------------------------------------

--
-- 表的结构 `common_user`
--

CREATE TABLE IF NOT EXISTS `common_user` (
  `uid` int(10) NOT NULL,
  `name` int(100) NOT NULL,
  PRIMARY KEY (`uid`)
) ENGINE=InnoDB DEFAULT CHARSET=utf8 COMMENT='普通用户';

-- --------------------------------------------------------

--
-- 表的结构 `company_user`
--

CREATE TABLE IF NOT EXISTS `company_user` (
  `uid` int(11) NOT NULL,
  `name` varchar(100) NOT NULL,
  PRIMARY KEY (`uid`)
) ENGINE=InnoDB DEFAULT CHARSET=utf8 COMMENT='企业用户';

-- --------------------------------------------------------

--
-- 表的结构 `event`
--

CREATE TABLE IF NOT EXISTS `event` (
  `id` int(10) NOT NULL AUTO_INCREMENT,
  `name` char(100) NOT NULL,
  PRIMARY KEY (`id`)
) ENGINE=InnoDB DEFAULT CHARSET=utf8 AUTO_INCREMENT=1 ;

-- --------------------------------------------------------

--
-- 表的结构 `exhibition`
--

CREATE TABLE IF NOT EXISTS `exhibition` (
  `id` int(10) NOT NULL AUTO_INCREMENT,
  `site_id` int(10) NOT NULL,
  `name` varchar(20) NOT NULL COMMENT '展会名称',
  `address` varchar(200) NOT NULL COMMENT '展会地点',
  `description` text NOT NULL COMMENT '介绍',
  `start_date` int(10) NOT NULL COMMENT '展会开始时间',
  `expiration_date` int(10) NOT NULL COMMENT '展会结束时间',
  `dateline` int(10) NOT NULL,
  PRIMARY KEY (`id`),
  KEY `uid` (`site_id`)
) ENGINE=InnoDB DEFAULT CHARSET=utf8 COMMENT='展会' AUTO_INCREMENT=1 ;

-- --------------------------------------------------------

--
-- 表的结构 `friend_link`
--

CREATE TABLE IF NOT EXISTS `friend_link` (
  `id` int(10) NOT NULL AUTO_INCREMENT,
  `site_id` int(10) NOT NULL,
  `name` varchar(20) NOT NULL,
  `logo` varchar(200) DEFAULT NULL,
  `url` varchar(100) NOT NULL,
  `order_num` smallint(6) NOT NULL DEFAULT '0' COMMENT '越小越靠前',
  `dateline` int(10) NOT NULL,
  PRIMARY KEY (`id`),
  KEY `site_id` (`site_id`)
) ENGINE=InnoDB  DEFAULT CHARSET=utf8 COMMENT='友情链接' AUTO_INCREMENT=4 ;

--
-- 转存表中的数据 `friend_link`
--

INSERT INTO `friend_link` (`id`, `site_id`, `name`, `logo`, `url`, `order_num`, `dateline`) VALUES
(1, 1, '鼎丰之旅', '', 'http://www.qiyehui.com.cn/', 0, 1389876644),
(3, 1, '小米社区', '', 'http://www.xiaomi.cn/', 0, 1389876644);

-- --------------------------------------------------------

--
-- 表的结构 `index_slide`
--

CREATE TABLE IF NOT EXISTS `index_slide` (
  `id` int(10) NOT NULL AUTO_INCREMENT,
  `site_id` int(10) NOT NULL,
  `title` varchar(100) NOT NULL,
  `image_path` varchar(300) NOT NULL,
  `url` varchar(300) NOT NULL,
  `order_count` int(10) NOT NULL DEFAULT '999',
  `dateline` int(10) NOT NULL,
  PRIMARY KEY (`id`),
  KEY `site_id` (`site_id`)
) ENGINE=InnoDB  DEFAULT CHARSET=utf8 AUTO_INCREMENT=14 ;

--
-- 转存表中的数据 `index_slide`
--

INSERT INTO `index_slide` (`id`, `site_id`, `title`, `image_path`, `url`, `order_count`, `dateline`) VALUES
(1, 1, '小米社区爆米花活动', 'http://static.xiaomi.cn/xiaomicms/uploadfile/2014/0114/20140114092101992.jpg', 'http://www.xiaomi.cn/index.html', 999, 1389876644),
(9, 1, '小米社区爆米花活动', 'http://hipeak.qiyehui.com.cn/images/1.jpg', 'http://www.xiaomi.cn/index.html', 999, 1389876644),
(10, 1, '小米社区爆米花活动3', 'http://hipeak.qiyehui.com.cn/images/2.jpg', 'http://www.xiaomi.cn/index.html', 999, 1389876644),
(11, 1, '小米社区爆米花活动4', 'http://hipeak.qiyehui.com.cn/images/3.jpg', 'http://www.xiaomi.cn/index.html', 999, 1389876644),
(12, 1, '小米社区爆米花活动5', 'http://hipeak.qiyehui.com.cn/images/4.jpg', 'http://www.xiaomi.cn/index.html', 999, 1389876644),
(13, 1, '小米社区爆米花活动6', 'http://hipeak.qiyehui.com.cn/images/5.jpg', 'http://www.xiaomi.cn/index.html', 999, 1389876644);

-- --------------------------------------------------------

--
-- 表的结构 `job`
--

CREATE TABLE IF NOT EXISTS `job` (
  `id` int(10) NOT NULL AUTO_INCREMENT,
  `site_id` int(10) NOT NULL,
  `name` varchar(20) NOT NULL COMMENT '职位名称',
  `description` text NOT NULL COMMENT '职位要求简介等',
  `count` int(10) NOT NULL COMMENT '招聘人数',
  `expiration_date` int(10) NOT NULL COMMENT '截止时间',
  `dateline` int(10) NOT NULL,
  PRIMARY KEY (`id`),
  KEY `uid` (`site_id`)
) ENGINE=InnoDB  DEFAULT CHARSET=utf8 COMMENT='职位' AUTO_INCREMENT=3 ;

--
-- 转存表中的数据 `job`
--

INSERT INTO `job` (`id`, `site_id`, `name`, `description`, `count`, `expiration_date`, `dateline`) VALUES
(2, 1, 'PHP研发工程师', '精通PHP+MySQL开发，熟悉linux环境', 2, 1389976644, 1389876644);

-- --------------------------------------------------------

--
-- 表的结构 `message`
--

CREATE TABLE IF NOT EXISTS `message` (
  `id` int(10) NOT NULL AUTO_INCREMENT,
  `site_id` int(10) NOT NULL,
  `from_uid` int(10) NOT NULL,
  `to_uid` int(10) NOT NULL,
  `title` varchar(20) NOT NULL,
  `content` varchar(200) DEFAULT NULL,
  `dateline` int(10) NOT NULL,
  PRIMARY KEY (`id`),
  KEY `uid` (`from_uid`),
  KEY `site_id` (`site_id`)
) ENGINE=InnoDB DEFAULT CHARSET=utf8 COMMENT='留言' AUTO_INCREMENT=1 ;

-- --------------------------------------------------------

--
-- 表的结构 `navigation_link`
--

CREATE TABLE IF NOT EXISTS `navigation_link` (
  `id` int(10) NOT NULL AUTO_INCREMENT,
  `site_id` int(10) NOT NULL,
  `name` varchar(20) NOT NULL,
  `url` varchar(300) NOT NULL,
  `target` char(20) NOT NULL DEFAULT '_self',
  `order_count` int(10) NOT NULL DEFAULT '20',
  PRIMARY KEY (`id`),
  KEY `site_id` (`site_id`)
) ENGINE=InnoDB  DEFAULT CHARSET=utf8 AUTO_INCREMENT=11 ;

--
-- 转存表中的数据 `navigation_link`
--

INSERT INTO `navigation_link` (`id`, `site_id`, `name`, `url`, `target`, `order_count`) VALUES
(1, 1, '主页', 'http://www.baidu.com/', '_self', 20),
(3, 1, '野外培训', 'http://www.baidu.com/', '_self', 20),
(4, 1, '拓展培训', 'http://www.baidu.com/', '_self', 20),
(5, 1, '趣味运动会', 'http://www.baidu.com/', '_self', 20),
(6, 1, '会议服务', 'http://www.baidu.com/', '_self', 20),
(7, 1, '户外运动', 'http://www.baidu.com/', '_self', 20),
(8, 1, '新闻动态', 'http://www.baidu.com/', '_self', 20),
(9, 1, '在线留言', 'http://www.baidu.com/', '_self', 20),
(10, 1, '联系我们', 'http://www.baidu.com/', '_self', 20);

-- --------------------------------------------------------

--
-- 表的结构 `position`
--

CREATE TABLE IF NOT EXISTS `position` (
  `id` int(10) NOT NULL AUTO_INCREMENT,
  `site_id` int(10) NOT NULL,
  `name` varchar(100) NOT NULL,
  `title` varchar(100) NOT NULL,
  `description` varchar(300) DEFAULT NULL,
  `thumbnail` varchar(300) DEFAULT NULL,
  `url` varchar(200) DEFAULT NULL,
  `dateline` int(10) NOT NULL,
  PRIMARY KEY (`id`),
  KEY `site_id` (`site_id`)
) ENGINE=InnoDB  DEFAULT CHARSET=utf8 COMMENT='推荐位' AUTO_INCREMENT=8 ;

--
-- 转存表中的数据 `position`
--

INSERT INTO `position` (`id`, `site_id`, `name`, `title`, `description`, `thumbnail`, `url`, `dateline`) VALUES
(1, 1, '首页_公司简介', '公司简介', '', '', '', 1389970200),
(2, 1, '首页_联系我们', '联系我们', '', '', '', 1389970200),
(3, 1, '首页_业务简介', '业务简介', '', '', '', 1389970200),
(4, 1, '首页_拓展知识', '拓展知识', '', '', '', 1389970200),
(5, 1, '首页_热门课程推荐', '热门课程推荐', '热门精品课程推荐', '', 'http://www.baidu.com/', 1389970200),
(6, 1, '首页_师资团队', '师资团队', '师资团队', '', 'http://www.baidu.com/', 1389970200),
(7, 1, '首页_滚动图文资讯', '图文资讯', '', '', '', 1389970200);

-- --------------------------------------------------------

--
-- 表的结构 `position_data`
--

CREATE TABLE IF NOT EXISTS `position_data` (
  `id` int(10) NOT NULL AUTO_INCREMENT,
  `position_id` int(10) NOT NULL,
  `title` varchar(100) NOT NULL,
  `keywords` varchar(200) DEFAULT NULL,
  `description` varchar(300) DEFAULT NULL,
  `content` text,
  `url` varchar(200) NOT NULL,
  `thumbnail` varchar(200) DEFAULT NULL,
  `order_count` int(10) NOT NULL DEFAULT '999',
  `click_count` int(10) NOT NULL DEFAULT '0',
  `dateline` int(10) NOT NULL,
  PRIMARY KEY (`id`),
  KEY `position_id` (`position_id`)
) ENGINE=InnoDB  DEFAULT CHARSET=utf8 AUTO_INCREMENT=18 ;

--
-- 转存表中的数据 `position_data`
--

INSERT INTO `position_data` (`id`, `position_id`, `title`, `keywords`, `description`, `content`, `url`, `thumbnail`, `order_count`, `click_count`, `dateline`) VALUES
(1, 1, '公司简介', '', '', '北京鼎丰之旅拓展培训成立于2000年,是北京最早也是最优秀的拓展培训机构之一.我们利用自身的极限运动技术优势与丰富的长线特色大型活动经验，联合专业的体验式管理顾问人才，结合中国国情及国际先进团队训练方法开发了“互动体验式”野外训练课程，有一系列“激发潜能，熔炼团队”的拓展项目。我们致力于成为培育高素质员工，熔炼高绩效团队的平台，并充分体验大自然付与人类的秀丽风景。', 'http://www.hipeak.com.cn/', '', 999, 0, 1389970200),
(2, 2, '联系我们', '', '', '北京鼎丰之旅文化发展有限公司<br />\r\n地址：北京市海淀区金源商务中心A座17F<br />\r\n邮编：10089<br />\r\n电话：(010)82398588<br />\r\n传真：(010)82398589<br />\r\n网址：www.hipeak.com.cn<br />\r\nwww.hipeakty.com', 'http://www.hipeak.com.cn/', '', 999, 0, 1389970200),
(3, 3, '业务简介', '', '', '<img src="./index_files/03.jpg">\r\n              &nbsp;&nbsp;&nbsp;&nbsp;江西探索户外运动发展有限公司是目前江西体验式培训公司之一，致力于为国内外企业提供具有现代管理观念与技能的高级培训课程。诺贝乐经济学奖获得者，美国著名教授舒尔茨曾说过：“投在人脑中的钱比投在机器的能够赚更多的钱。投资于人力资本比投资于物质资本能够产生更持久的效益。”这个结论早被二十世纪经济发展所证明。在全球随着经济一体化的进程，越来越多企业开始重视对人才的培养，把对人力资本的投入作为提升企业竞争力的重要途径。在摩托罗拉公司，每投入一美...\r\n              <a href="#" target="_blank">\r\n                详细&gt;&gt;\r\n              </a>', 'http://www.hipeak.com.cn/', '', 999, 0, 1389970200),
(4, 4, '夏季户外拓展训练注意事项', '', '夏季户外拓展训练注意事项', '夏季户外拓展训练注意事项', 'http://www.hipeak.com.cn/', '', 999, 0, 1389970200),
(5, 4, '拓展训练的六个环节', '', '拓展训练的六个环节', '', 'http://www.hipeak.com.cn/', '', 999, 0, 1389970200),
(6, 5, '野外培训', '', '塑造团队协作精神，相互帮助，帮助团队成长。', '', 'http://www.hipeak.com.cn/', 'http://hipeak.qiyehui.com.cn/index_files/2012081515807875241903.jpg', 999, 0, 1389970200),
(7, 5, '拓展培训', '', '北京鼎丰之旅拓展培训，北京鼎丰之旅拓展培训，北京鼎丰之旅拓展', '', 'http://www.hipeak.com.cn/', 'http://hipeak.qiyehui.com.cn/index_files/2012081515807875241903.jpg', 999, 0, 1389970200),
(8, 5, '趣味运动会', '', '趣味运动会，趣味运动会，趣味运动会，趣味运动会，趣味运动会', '', 'http://www.hipeak.com.cn/', 'http://hipeak.qiyehui.com.cn/index_files/2012081515807875241903.jpg', 999, 0, 1389970200),
(9, 5, '会议服务', '', '北京鼎丰之旅拓展培训，北京鼎丰之旅拓展培训，北京鼎丰之旅拓展', '', 'http://www.hipeak.com.cn/', 'http://hipeak.qiyehui.com.cn/index_files/2012081515807875241903.jpg', 999, 0, 1389970200),
(10, 5, '户外运动', '', '户外运动项目', '', 'http://www.hipeak.com.cn/', 'http://hipeak.qiyehui.com.cn/index_files/2012081515807875241903.jpg', 999, 0, 1389970200),
(11, 5, '极限运动', '', '极限运动', '', 'http://www.hipeak.com.cn/', 'http://hipeak.qiyehui.com.cn/index_files/2012081515807875241903.jpg', 999, 0, 1389970200),
(13, 6, '师资团队', '', '鼎丰之旅是一家拥有一流师资力量的企业，固定教练300名...', '', 'http://www.hipeak.com.cn/', 'http://hipeak.qiyehui.com.cn/index_files/2012081515807875241903.jpg', 999, 0, 1389970200),
(14, 7, '户外运动', '', '塑造团队协作精神，相互帮助，帮助团队成长。', '', 'http://www.hipeak.com.cn/', 'http://hipeak.qiyehui.com.cn/index_files/2012092890824581342929.jpg', 999, 0, 1389970200),
(15, 7, '公司简介', '', '塑造团队协作精神，相互帮助，帮助团队成长。', '', 'http://www.hipeak.com.cn/', 'http://hipeak.qiyehui.com.cn/index_files/2012091491442368877217.jpg', 999, 0, 1389970200),
(16, 7, '公司简介', '', '塑造团队协作精神，相互帮助，帮助团队成长。', '', 'http://www.xiaomi.cn', 'http://hipeak.qiyehui.com.cn/index_files/2012091491442368877217.jpg', 999, 0, 1389970200),
(17, 7, '拓展培训', '', '', '', 'http://www.xiaomi.cn/', 'http://hipeak.qiyehui.com.cn/index_files/2012081515807875241903.jpg', 999, 0, 1389970200);

-- --------------------------------------------------------

--
-- 表的结构 `Rights`
--

CREATE TABLE IF NOT EXISTS `Rights` (
  `itemname` varchar(64) NOT NULL,
  `type` int(11) NOT NULL,
  `weight` int(11) NOT NULL,
  PRIMARY KEY (`itemname`)
) ENGINE=MyISAM DEFAULT CHARSET=utf8;

-- --------------------------------------------------------

--
-- 表的结构 `sell_offer`
--

CREATE TABLE IF NOT EXISTS `sell_offer` (
  `id` int(10) NOT NULL AUTO_INCREMENT,
  `site_id` int(10) NOT NULL,
  `name` varchar(100) NOT NULL COMMENT '商品名',
  `picture` varchar(200) DEFAULT NULL,
  `description` text NOT NULL COMMENT '商品描述',
  `amount` int(10) NOT NULL COMMENT '商品数量',
  `price` int(10) NOT NULL COMMENT '单价',
  `dateline` int(10) NOT NULL,
  PRIMARY KEY (`id`),
  KEY `uid` (`site_id`)
) ENGINE=InnoDB DEFAULT CHARSET=utf8 COMMENT='供应信息' AUTO_INCREMENT=1 ;

-- --------------------------------------------------------

--
-- 表的结构 `site`
--

CREATE TABLE IF NOT EXISTS `site` (
  `id` int(10) NOT NULL AUTO_INCREMENT,
  `uid` int(10) NOT NULL,
  `name` varchar(100) NOT NULL,
  `keywords` varchar(200) DEFAULT NULL,
  `description` varchar(500) DEFAULT NULL,
  `domain` varchar(500) NOT NULL,
  `dateline` int(10) NOT NULL,
  PRIMARY KEY (`id`),
  KEY `uid` (`uid`)
) ENGINE=InnoDB  DEFAULT CHARSET=utf8 AUTO_INCREMENT=2 ;

--
-- 转存表中的数据 `site`
--

INSERT INTO `site` (`id`, `uid`, `name`, `keywords`, `description`, `domain`, `dateline`) VALUES
(1, 1, '鼎丰之旅', '鼎丰之旅', '鼎丰之旅 - 北京鼎丰之旅文化发展有限公司官方网站', 'hipeak.qiyehui.com.cn', 1388930644);

-- --------------------------------------------------------

--
-- 表的结构 `user`
--

CREATE TABLE IF NOT EXISTS `user` (
  `id` int(10) NOT NULL AUTO_INCREMENT,
  `type` enum('1','2') NOT NULL DEFAULT '1' COMMENT '1 普通用户 2 企业用户',
  `username` varchar(100) NOT NULL,
  `email` varchar(100) NOT NULL,
  `password` varchar(100) NOT NULL,
  `dateline` int(10) NOT NULL,
  `profile` text,
  PRIMARY KEY (`id`),
  UNIQUE KEY `email` (`email`),
  KEY `type` (`type`)
) ENGINE=InnoDB  DEFAULT CHARSET=utf8 COMMENT='基础用户信息' AUTO_INCREMENT=2 ;

--
-- 转存表中的数据 `user`
--

INSERT INTO `user` (`id`, `type`, `username`, `email`, `password`, `dateline`, `profile`) VALUES
(1, '1', 'admin', 'jmone2006@126.com', '32100321', 1374760391, NULL);

/*!40101 SET CHARACTER_SET_CLIENT=@OLD_CHARACTER_SET_CLIENT */;
/*!40101 SET CHARACTER_SET_RESULTS=@OLD_CHARACTER_SET_RESULTS */;
/*!40101 SET COLLATION_CONNECTION=@OLD_COLLATION_CONNECTION */;
